Data,"Tipo Residuo","Peso"
2024-10-31,"Restos Comida","8420,00"
2024-10-31,"Plastico","4540,00"
2024-10-31,"Residuos Limpeza","26980,00"
2024-10-31,"Indiferenciado","247640,00"
2024-10-31,"Cortes de Jardim","86400,00"
2024-10-31,"Papel","31540,00"
2024-10-31,"Vidro","13160,00"
2024-10-31,"Monstros","27440,00"
2024-10-30,"Residuos Limpeza","13980,00"
2024-10-30,"Papel","19220,00"
2024-10-30,"Restos Comida","9320,00"
2024-10-30,"Monstros","24580,00"
2024-10-30,"Vidro","26480,00"
2024-10-30,"Cortes de Jardim","95280,00"
2024-10-30,"Plastico","8280,00"
2024-10-30,"Indiferenciado","237640,00"
2024-10-29,"Indiferenciado","228120,00"
2024-10-29,"Residuos Limpeza","14560,00"
2024-10-29,"Cortes de Jardim","97000,00"
2024-10-29,"Papel","4140,00"
2024-10-29,"Plastico","39020,00"
2024-10-29,"Monstros","22680,00"
2024-10-29,"Vidro","9820,00"
2024-10-29,"Restos Comida","9020,00"
2024-10-28,"Indiferenciado","245140,00"
2024-10-28,"Vidro","5040,00"
2024-10-28,"Residuos Limpeza","53980,00"
2024-10-28,"Cortes de Jardim","99280,00"
2024-10-28,"Papel","37740,00"
2024-10-28,"Monstros","20140,00"
2024-10-28,"Restos Comida","14900,00"
2024-10-28,"Plastico","3860,00"
2024-10-27,"Papel","5340,00"
2024-10-27,"Indiferenciado","210840,00"
2024-10-27,"Monstros","40,00"
2024-10-26,"Cortes de Jardim","102760,00"
2024-10-26,"Indiferenciado","227900,00"
2024-10-26,"Vidro","7200,00"
2024-10-26,"Residuos Limpeza","49000,00"
2024-10-26,"Plastico","4640,00"
2024-10-26,"Restos Comida","7980,00"
2024-10-26,"Papel","12360,00"
2024-10-26,"Monstros","22360,00"
2024-10-25,"Indiferenciado","233920,00"
2024-10-25,"Cortes de Jardim","84040,00"
2024-10-25,"Papel","5800,00"
2024-10-25,"Vidro","14320,00"
2024-10-25,"Monstros","17440,00"
2024-10-25,"Restos Comida","8040,00"
2024-10-25,"Residuos Limpeza","45040,00"
2024-10-25,"Plastico","22660,00"
2024-10-24,"Indiferenciado","231660,00"
2024-10-24,"Papel","29720,00"
2024-10-24,"Cortes de Jardim","108780,00"
2024-10-24,"Residuos Limpeza","19580,00"
2024-10-24,"Plastico","6120,00"
2024-10-24,"Restos Comida","7300,00"
2024-10-24,"Vidro","12000,00"
2024-10-24,"Monstros","25080,00"
2024-10-23,"Cortes de Jardim","127900,00"
2024-10-23,"Papel","17360,00"
2024-10-23,"Restos Comida","9620,00"
2024-10-23,"Plastico","11880,00"
2024-10-23,"Vidro","13120,00"
2024-10-23,"Monstros","17100,00"
2024-10-23,"Indiferenciado","240540,00"
2024-10-23,"Residuos Limpeza","18320,00"
2024-10-22,"Papel","5640,00"
2024-10-22,"Cortes de Jardim","104320,00"
2024-10-22,"Monstros","25640,00"
2024-10-22,"Restos Comida","8740,00"
2024-10-22,"Indiferenciado","259780,00"
2024-10-22,"Residuos Limpeza","18980,00"
2024-10-22,"Vidro","16800,00"
2024-10-22,"Plastico","33060,00"
2024-10-21,"Indiferenciado","259480,00"
2024-10-21,"Monstros","36860,00"
2024-10-21,"Cortes de Jardim","112580,00"
2024-10-21,"Papel","39240,00"
2024-10-21,"Plastico","6060,00"
2024-10-21,"Restos Comida","15000,00"
2024-10-21,"Residuos Limpeza","47600,00"
2024-10-21,"Vidro","7820,00"
2024-10-20,"Papel","4260,00"
2024-10-20,"Monstros","220,00"
2024-10-20,"Indiferenciado","252740,00"
2024-10-19,"Monstros","13380,00"
2024-10-19,"Restos Comida","7140,00"
2024-10-19,"Plastico","960,00"
2024-10-19,"Papel","11620,00"
2024-10-19,"Residuos Limpeza","16500,00"
2024-10-19,"Vidro","12600,00"
2024-10-19,"Indiferenciado","239960,00"
2024-10-19,"Cortes de Jardim","88760,00"
2024-10-18,"Restos Comida","7440,00"
2024-10-18,"Residuos Limpeza","26300,00"
2024-10-18,"Plastico","27740,00"
2024-10-18,"Monstros","19760,00"
2024-10-18,"Vidro","15520,00"
2024-10-18,"Papel","8140,00"
2024-10-18,"Cortes de Jardim","110460,00"
2024-10-18,"Indiferenciado","259480,00"
2024-10-17,"Plastico","4660,00"
2024-10-17,"Indiferenciado","253960,00"
2024-10-17,"Residuos Limpeza","33120,00"
2024-10-17,"Restos Comida","9020,00"
2024-10-17,"Monstros","31820,00"
2024-10-17,"Vidro","6900,00"
2024-10-17,"Papel","30360,00"
2024-10-17,"Cortes de Jardim","117300,00"
2024-10-16,"Indiferenciado","219420,00"
2024-10-16,"Plastico","8920,00"
2024-10-16,"Residuos Limpeza","8860,00"
2024-10-16,"Monstros","28300,00"
2024-10-16,"Restos Comida","8440,00"
2024-10-16,"Papel","22000,00"
2024-10-16,"Vidro","15520,00"
2024-10-16,"Cortes de Jardim","135280,00"
2024-10-15,"Vidro","18280,00"
2024-10-15,"Indiferenciado","254420,00"
2024-10-15,"Papel","4520,00"
2024-10-15,"Cortes de Jardim","124340,00"
2024-10-15,"Restos Comida","8360,00"
2024-10-15,"Plastico","37000,00"
2024-10-15,"Monstros","23820,00"
2024-10-15,"Residuos Limpeza","28880,00"
2024-10-14,"Indiferenciado","263560,00"
2024-10-14,"Vidro","17740,00"
2024-10-14,"Residuos Limpeza","103640,00"
2024-10-14,"Plastico","3340,00"
2024-10-14,"Papel","41380,00"
2024-10-14,"Cortes de Jardim","121740,00"
2024-10-14,"Restos Comida","15260,00"
2024-10-14,"Monstros","26420,00"
2024-10-13,"Indiferenciado","244260,00"
2024-10-13,"Monstros","300,00"
2024-10-13,"Residuos Limpeza","620,00"
2024-10-13,"Papel","3800,00"
2024-10-12,"Papel","11420,00"
2024-10-12,"Cortes de Jardim","211780,00"
2024-10-12,"Vidro","13840,00"
2024-10-12,"Indiferenciado","255040,00"
2024-10-12,"Restos Comida","8160,00"
2024-10-12,"Plastico","4480,00"
2024-10-12,"Residuos Limpeza","39220,00"
2024-10-12,"Monstros","17740,00"
2024-10-11,"Indiferenciado","238520,00"
2024-10-11,"Vidro","16220,00"
2024-10-11,"Restos Comida","10220,00"
2024-10-11,"Monstros","17340,00"
2024-10-11,"Plastico","22400,00"
2024-10-11,"Papel","5820,00"
2024-10-11,"Cortes de Jardim","129720,00"
2024-10-11,"Residuos Limpeza","70280,00"
2024-10-10,"Vidro","6260,00"
2024-10-10,"Monstros","27040,00"
2024-10-10,"Cortes de Jardim","134900,00"
2024-10-10,"Indiferenciado","228640,00"
2024-10-10,"Residuos Limpeza","7360,00"
2024-10-10,"Papel","34180,00"
2024-10-10,"Restos Comida","9700,00"
2024-10-10,"Plastico","5720,00"
2024-10-09,"Cortes de Jardim","122080,00"
2024-10-09,"Papel","15520,00"
2024-10-09,"Monstros","24300,00"
2024-10-09,"Restos Comida","9560,00"
2024-10-09,"Plastico","7800,00"
2024-10-09,"Vidro","15260,00"
2024-10-09,"Residuos Limpeza","14920,00"
2024-10-09,"Indiferenciado","250780,00"
2024-10-08,"Plastico","40360,00"
2024-10-08,"Cortes de Jardim","123740,00"
2024-10-08,"Restos Comida","8880,00"
2024-10-08,"Monstros","25620,00"
2024-10-08,"Papel","7240,00"
2024-10-08,"Indiferenciado","289940,00"
2024-10-08,"Vidro","15440,00"
2024-10-08,"Residuos Limpeza","35080,00"
2024-10-07,"Papel","41160,00"
2024-10-07,"Plastico","3860,00"
2024-10-07,"Restos Comida","13480,00"
2024-10-07,"Monstros","22720,00"
2024-10-07,"Residuos Limpeza","32400,00"
2024-10-07,"Indiferenciado","237020,00"
2024-10-07,"Vidro","7080,00"
2024-10-07,"Cortes de Jardim","117320,00"
2024-10-06,"Papel","5680,00"
2024-10-06,"Indiferenciado","232700,00"
2024-10-05,"Restos Comida","9760,00"
2024-10-05,"Plastico","5200,00"
2024-10-05,"Residuos Limpeza","200,00"
2024-10-05,"Indiferenciado","248460,00"
2024-10-05,"Papel","9020,00"
2024-10-05,"Vidro","16100,00"
2024-10-05,"Monstros","2800,00"
2024-10-05,"Cortes de Jardim","20320,00"
2024-10-04,"Indiferenciado","244700,00"
2024-10-04,"Residuos Limpeza","27320,00"
2024-10-04,"Restos Comida","7540,00"
2024-10-04,"Vidro","13780,00"
2024-10-04,"Plastico","21540,00"
2024-10-04,"Papel","5340,00"
2024-10-04,"Monstros","18300,00"
2024-10-04,"Cortes de Jardim","95440,00"
2024-10-03,"Indiferenciado","231320,00"
2024-10-03,"Residuos Limpeza","37520,00"
2024-10-03,"Papel","28600,00"
2024-10-03,"Cortes de Jardim","105700,00"
2024-10-03,"Plastico","5480,00"
2024-10-03,"Monstros","19760,00"
2024-10-03,"Restos Comida","8000,00"
2024-10-03,"Vidro","14200,00"
2024-10-02,"Vidro","18640,00"
2024-10-02,"Monstros","23600,00"
2024-10-02,"Papel","19360,00"
2024-10-02,"Restos Comida","8300,00"
2024-10-02,"Cortes de Jardim","92920,00"
2024-10-02,"Residuos Limpeza","42820,00"
2024-10-02,"Plastico","9280,00"
2024-10-02,"Indiferenciado","233980,00"
2024-10-01,"Vidro","17480,00"
2024-10-01,"Indiferenciado","250460,00"
2024-10-01,"Restos Comida","8320,00"
2024-10-01,"Residuos Limpeza","35860,00"
2024-10-01,"Monstros","22220,00"
2024-10-01,"Cortes de Jardim","101020,00"
2024-10-01,"Papel","4260,00"
2024-10-01,"Plastico","38600,00"
2024-09-30,"Vidro","18100,00"
2024-09-30,"Indiferenciado","246380,00"
2024-09-30,"Cortes de Jardim","95860,00"
2024-09-30,"Monstros","19460,00"
2024-09-30,"Plastico","5000,00"
2024-09-30,"Restos Comida","15260,00"
2024-09-30,"Papel","40540,00"
2024-09-30,"Residuos Limpeza","33660,00"
2024-09-29,"Monstros","360,00"
2024-09-29,"Papel","3060,00"
2024-09-29,"Indiferenciado","245190,00"
2024-09-29,"Restos Comida","490770,00"
2024-09-29,"Residuos Limpeza","320,00"
2024-09-28,"Papel","11960,00"
2024-09-28,"Cortes de Jardim","129960,00"
2024-09-28,"Monstros","19060,00"
2024-09-28,"Vidro","7840,00"
2024-09-28,"Residuos Limpeza","7480,00"
2024-09-28,"Plastico","5420,00"
2024-09-28,"Indiferenciado","251560,00"
2024-09-28,"Restos Comida","8560,00"
2024-09-27,"Vidro","17720,00"
2024-09-27,"Monstros","31180,00"
2024-09-27,"Restos Comida","7720,00"
2024-09-27,"Plastico","20260,00"
2024-09-27,"Cortes de Jardim","122880,00"
2024-09-27,"Indiferenciado","253360,00"
2024-09-27,"Residuos Limpeza","13980,00"
2024-09-27,"Papel","5380,00"
2024-09-26,"Papel","26740,00"
2024-09-26,"Monstros","17420,00"
2024-09-26,"Cortes de Jardim","113320,00"
2024-09-26,"Plastico","5280,00"
2024-09-26,"Restos Comida","8160,00"
2024-09-26,"Residuos Limpeza","29820,00"
2024-09-26,"Vidro","15980,00"
2024-09-26,"Indiferenciado","245760,00"
2024-09-25,"Residuos Limpeza","29500,00"
2024-09-25,"Monstros","27540,00"
2024-09-25,"Restos Comida","9120,00"
2024-09-25,"Plastico","15240,00"
2024-09-25,"Papel","19320,00"
2024-09-25,"Cortes de Jardim","121060,00"
2024-09-25,"Indiferenciado","221500,00"
2024-09-25,"Vidro","20900,00"
2024-09-24,"Restos Comida","9960,00"
2024-09-24,"Monstros","33060,00"
2024-09-24,"Residuos Limpeza","18260,00"
2024-09-24,"Plastico","30020,00"
2024-09-24,"Papel","7220,00"
2024-09-24,"Indiferenciado","240780,00"
2024-09-24,"Vidro","12420,00"
2024-09-24,"Cortes de Jardim","99120,00"
2024-09-23,"Restos Comida","12500,00"
2024-09-23,"Plastico","5500,00"
2024-09-23,"Residuos Limpeza","11600,00"
2024-09-23,"Indiferenciado","249500,00"
2024-09-23,"Papel","40440,00"
2024-09-23,"Cortes de Jardim","110960,00"
2024-09-23,"Monstros","20720,00"
2024-09-23,"Vidro","16320,00"
2024-09-22,"Residuos Limpeza","220,00"
2024-09-22,"Indiferenciado","249060,00"
2024-09-22,"Papel","4060,00"
2024-09-21,"Indiferenciado","248520,00"
2024-09-21,"Residuos Limpeza","5380,00"
2024-09-21,"Monstros","25760,00"
2024-09-21,"Vidro","16340,00"
2024-09-21,"Restos Comida","7720,00"
2024-09-21,"Cortes de Jardim","95740,00"
2024-09-21,"Plastico","3480,00"
2024-09-21,"Papel","10660,00"
2024-09-20,"Indiferenciado","243380,00"
2024-09-20,"Residuos Limpeza","18680,00"
2024-09-20,"Vidro","17720,00"
2024-09-20,"Papel","1600,00"
2024-09-20,"Cortes de Jardim","108640,00"
2024-09-20,"Monstros","13900,00"
2024-09-20,"Plastico","21560,00"
2024-09-20,"Restos Comida","7840,00"
2024-09-19,"Indiferenciado","245460,00"
2024-09-19,"Vidro","13300,00"
2024-09-19,"Restos Comida","8500,00"
2024-09-19,"Plastico","5460,00"
2024-09-19,"Papel","33620,00"
2024-09-19,"Monstros","23400,00"
2024-09-19,"Cortes de Jardim","86380,00"
2024-09-19,"Residuos Limpeza","8800,00"
2024-09-18,"Indiferenciado","240460,00"
2024-09-18,"Vidro","22340,00"
2024-09-18,"Cortes de Jardim","109780,00"
2024-09-18,"Restos Comida","9040,00"
2024-09-18,"Plastico","8200,00"
2024-09-18,"Monstros","26080,00"
2024-09-18,"Papel","13320,00"
2024-09-18,"Residuos Limpeza","12480,00"
2024-09-17,"Papel","6980,00"
2024-09-17,"Cortes de Jardim","91580,00"
2024-09-17,"Monstros","17980,00"
2024-09-17,"Vidro","15180,00"
2024-09-17,"Indiferenciado","256900,00"
2024-09-17,"Residuos Limpeza","28360,00"
2024-09-17,"Plastico","36780,00"
2024-09-17,"Restos Comida","8620,00"
2024-09-16,"Indiferenciado","229520,00"
2024-09-16,"Papel","33000,00"
2024-09-16,"Vidro","21840,00"
2024-09-16,"Monstros","24480,00"
2024-09-16,"Restos Comida","14380,00"
2024-09-16,"Plastico","4280,00"
2024-09-16,"Residuos Limpeza","34600,00"
2024-09-16,"Cortes de Jardim","80340,00"
2024-09-15,"Monstros","4300,00"
2024-09-15,"Indiferenciado","244560,00"
2024-09-15,"Residuos Limpeza","3940,00"
2024-09-15,"Papel","4480,00"
2024-09-14,"Cortes de Jardim","88580,00"
2024-09-14,"Papel","12740,00"
2024-09-14,"Restos Comida","8000,00"
2024-09-14,"Monstros","22240,00"
2024-09-14,"Plastico","6900,00"
2024-09-14,"Vidro","13560,00"
2024-09-14,"Indiferenciado","249840,00"
2024-09-14,"Residuos Limpeza","32480,00"
2024-09-13,"Papel","5360,00"
2024-09-13,"Cortes de Jardim","107920,00"
2024-09-13,"Monstros","19720,00"
2024-09-13,"Plastico","22660,00"
2024-09-13,"Restos Comida","8840,00"
2024-09-13,"Indiferenciado","241480,00"
2024-09-13,"Residuos Limpeza","51680,00"
2024-09-13,"Vidro","5600,00"
2024-09-12,"Papel","32860,00"
2024-09-12,"Restos Comida","8200,00"
2024-09-12,"Monstros","20540,00"
2024-09-12,"Residuos Limpeza","18940,00"
2024-09-12,"Plastico","7500,00"
2024-09-12,"Cortes de Jardim","85000,00"
2024-09-12,"Vidro","17360,00"
2024-09-12,"Indiferenciado","233520,00"
2024-09-11,"Monstros","22220,00"
2024-09-11,"Papel","16440,00"
2024-09-11,"Plastico","8040,00"
2024-09-11,"Restos Comida","7780,00"
2024-09-11,"Residuos Limpeza","26440,00"
2024-09-11,"Cortes de Jardim","90040,00"
2024-09-11,"Vidro","17460,00"
2024-09-11,"Indiferenciado","230840,00"
2024-09-10,"Restos Comida","7460,00"
2024-09-10,"Plastico","34340,00"
2024-09-10,"Residuos Limpeza","30900,00"
2024-09-10,"Papel","12280,00"
2024-09-10,"Monstros","20260,00"
2024-09-10,"Vidro","11020,00"
2024-09-10,"Cortes de Jardim","86100,00"
2024-09-10,"Indiferenciado","243000,00"
2024-09-09,"Residuos Limpeza","24740,00"
2024-09-09,"Plastico","6060,00"
2024-09-09,"Indiferenciado","221660,00"
2024-09-09,"Monstros","28720,00"
2024-09-09,"Vidro","8400,00"
2024-09-09,"Papel","34600,00"
2024-09-09,"Restos Comida","23180,00"
2024-09-09,"Cortes de Jardim","80200,00"
2024-09-08,"Indiferenciado","235100,00"
2024-09-08,"Residuos Limpeza","1640,00"
2024-09-08,"Papel","2640,00"
2024-09-07,"Indiferenciado","253260,00"
2024-09-07,"Vidro","17440,00"
2024-09-07,"Papel","13380,00"
2024-09-07,"Monstros","20900,00"
2024-09-07,"Cortes de Jardim","73400,00"
2024-09-07,"Plastico","4380,00"
2024-09-07,"Restos Comida","8080,00"
2024-09-07,"Residuos Limpeza","9720,00"
2024-09-06,"Indiferenciado","244780,00"
2024-09-06,"Vidro","7740,00"
2024-09-06,"Monstros","25860,00"
2024-09-06,"Restos Comida","8640,00"
2024-09-06,"Papel","5740,00"
2024-09-06,"Residuos Limpeza","14340,00"
2024-09-06,"Plastico","25020,00"
2024-09-06,"Cortes de Jardim","77760,00"
2024-09-05,"Cortes de Jardim","94720,00"
2024-09-05,"Vidro","7940,00"
2024-09-05,"Indiferenciado","230800,00"
2024-09-05,"Monstros","20020,00"
2024-09-05,"Plastico","8060,00"
2024-09-05,"Papel","33940,00"
2024-09-05,"Restos Comida","8100,00"
2024-09-05,"Residuos Limpeza","17340,00"
2024-09-04,"Papel","14660,00"
2024-09-04,"Vidro","27720,00"
2024-09-04,"Monstros","17740,00"
2024-09-04,"Cortes de Jardim","59320,00"
2024-09-04,"Indiferenciado","238140,00"
2024-09-04,"Restos Comida","7420,00"
2024-09-04,"Plastico","8500,00"
2024-09-04,"Residuos Limpeza","17160,00"
2024-09-03,"Indiferenciado","259260,00"
2024-09-03,"Papel","8400,00"
2024-09-03,"Restos Comida","7120,00"
2024-09-03,"Monstros","16440,00"
2024-09-03,"Residuos Limpeza","12720,00"
2024-09-03,"Plastico","37820,00"
2024-09-03,"Vidro","25440,00"
2024-09-03,"Cortes de Jardim","76820,00"
2024-09-02,"Cortes de Jardim","83360,00"
2024-09-02,"Plastico","1700,00"
2024-09-02,"Papel","39700,00"
2024-09-02,"Monstros","29280,00"
2024-09-02,"Indiferenciado","240700,00"
2024-09-02,"Residuos Limpeza","23340,00"
2024-09-02,"Restos Comida","17820,00"
2024-09-01,"Papel","5060,00"
2024-09-01,"Monstros","500,00"
2024-09-01,"Indiferenciado","230880,00"
2024-09-01,"Plastico","640,00"
2024-08-31,"Indiferenciado","242040,00"
2024-08-31,"Papel","14800,00"
2024-08-31,"Residuos Limpeza","7300,00"
2024-08-31,"Restos Comida","7300,00"
2024-08-31,"Plastico","5440,00"
2024-08-31,"Cortes de Jardim","73960,00"
2024-08-31,"Monstros","11620,00"
2024-08-31,"Vidro","15320,00"
2024-08-30,"Residuos Limpeza","18400,00"
2024-08-30,"Papel","8780,00"
2024-08-30,"Plastico","22620,00"
2024-08-30,"Restos Comida","373160,00"
2024-08-30,"Monstros","16500,00"
2024-08-30,"Cortes de Jardim","68760,00"
2024-08-30,"Indiferenciado","121060,00"
2024-08-30,"Vidro","12780,00"
2024-08-29,"Restos Comida","7720,00"
2024-08-29,"Residuos Limpeza","32320,00"
2024-08-29,"Plastico","6460,00"
2024-08-29,"Indiferenciado","229980,00"
2024-08-29,"Cortes de Jardim","86020,00"
2024-08-29,"Vidro","13160,00"
2024-08-29,"Monstros","19220,00"
2024-08-29,"Papel","30260,00"
2024-08-28,"Restos Comida","8300,00"
2024-08-28,"Plastico","15900,00"
2024-08-28,"Residuos Limpeza","47760,00"
2024-08-28,"Indiferenciado","232900,00"
2024-08-28,"Papel","14400,00"
2024-08-28,"Cortes de Jardim","76920,00"
2024-08-28,"Monstros","17040,00"
2024-08-28,"Vidro","9460,00"
2024-08-27,"Indiferenciado","258080,00"
2024-08-27,"Residuos Limpeza","61920,00"
2024-08-27,"Restos Comida","9080,00"
2024-08-27,"Plastico","28020,00"
2024-08-27,"Papel","3880,00"
2024-08-27,"Cortes de Jardim","108320,00"
2024-08-27,"Vidro","13220,00"
2024-08-27,"Monstros","17540,00"
2024-08-26,"Indiferenciado","233900,00"
2024-08-26,"Residuos Limpeza","940,00"
2024-08-26,"Cortes de Jardim","99960,00"
2024-08-26,"Papel","33860,00"
2024-08-26,"Vidro","8980,00"
2024-08-26,"Monstros","35960,00"
2024-08-26,"Restos Comida","13300,00"
2024-08-26,"Plastico","3380,00"
2024-08-25,"Indiferenciado","223080,00"
2024-08-25,"Papel","8560,00"
2024-08-25,"Monstros","600,00"
2024-08-25,"Residuos Limpeza","880,00"
2024-08-24,"Indiferenciado","236600,00"
2024-08-24,"Vidro","32600,00"
2024-08-24,"Plastico","10880,00"
2024-08-24,"Restos Comida","7960,00"
2024-08-24,"Cortes de Jardim","68180,00"
2024-08-24,"Papel","11140,00"
2024-08-24,"Monstros","14200,00"
2024-08-24,"Residuos Limpeza","11960,00"
2024-08-23,"Indiferenciado","244820,00"
2024-08-23,"Vidro","9140,00"
2024-08-23,"Cortes de Jardim","90240,00"
2024-08-23,"Monstros","20360,00"
2024-08-23,"Restos Comida","9380,00"
2024-08-23,"Plastico","22480,00"
2024-08-23,"Papel","4560,00"
2024-08-23,"Residuos Limpeza","8140,00"
2024-08-22,"Indiferenciado","246880,00"
2024-08-22,"Papel","33280,00"
2024-08-22,"Vidro","8840,00"
2024-08-22,"Cortes de Jardim","99520,00"
2024-08-22,"Restos Comida","8500,00"
2024-08-22,"Residuos Limpeza","11920,00"
2024-08-22,"Plastico","6040,00"
2024-08-22,"Monstros","22860,00"
2024-08-21,"Papel","15060,00"
2024-08-21,"Restos Comida","8240,00"
2024-08-21,"Cortes de Jardim","69720,00"
2024-08-21,"Vidro","36360,00"
2024-08-21,"Monstros","23160,00"
2024-08-21,"Residuos Limpeza","52980,00"
2024-08-21,"Indiferenciado","253080,00"
2024-08-21,"Plastico","5720,00"
2024-08-20,"Cortes de Jardim","86260,00"
2024-08-20,"Monstros","29060,00"
2024-08-20,"Vidro","14340,00"
2024-08-20,"Plastico","36460,00"
2024-08-20,"Restos Comida","8420,00"
2024-08-20,"Papel","4760,00"
2024-08-20,"Indiferenciado","226020,00"
2024-08-20,"Residuos Limpeza","16940,00"
2024-08-19,"Cortes de Jardim","61440,00"
2024-08-19,"Papel","35740,00"
2024-08-19,"Restos Comida","12140,00"
2024-08-19,"Plastico","6040,00"
2024-08-19,"Monstros","20840,00"
2024-08-19,"Indiferenciado","237540,00"
2024-08-19,"Vidro","10540,00"
2024-08-19,"Residuos Limpeza","31760,00"
2024-08-18,"Papel","3620,00"
2024-08-18,"Monstros","220,00"
2024-08-18,"Indiferenciado","215360,00"
2024-08-17,"Plastico","4840,00"
2024-08-17,"Papel","12960,00"
2024-08-17,"Residuos Limpeza","26320,00"
2024-08-17,"Monstros","4420,00"
2024-08-17,"Restos Comida","9500,00"
2024-08-17,"Vidro","20580,00"
2024-08-17,"Indiferenciado","225560,00"
2024-08-17,"Cortes de Jardim","60400,00"
2024-08-16,"Plastico","22180,00"
2024-08-16,"Restos Comida","7960,00"
2024-08-16,"Residuos Limpeza","1400,00"
2024-08-16,"Indiferenciado","233780,00"
2024-08-16,"Papel","3520,00"
2024-08-16,"Cortes de Jardim","76180,00"
2024-08-16,"Vidro","8520,00"
2024-08-16,"Monstros","17400,00"
2024-08-15,"Residuos Limpeza","40020,00"
2024-08-15,"Plastico","6800,00"
2024-08-15,"Restos Comida","8000,00"
2024-08-15,"Indiferenciado","228360,00"
2024-08-15,"Papel","23740,00"
2024-08-15,"Vidro","3560,00"
2024-08-15,"Cortes de Jardim","21720,00"
2024-08-15,"Monstros","7600,00"
2024-08-14,"Indiferenciado","230180,00"
2024-08-14,"Residuos Limpeza","15280,00"
2024-08-14,"Cortes de Jardim","78560,00"
2024-08-14,"Monstros","11180,00"
2024-08-14,"Vidro","25660,00"
2024-08-14,"Papel","15520,00"
2024-08-14,"Plastico","10780,00"
2024-08-14,"Restos Comida","8300,00"
2024-08-13,"Indiferenciado","243380,00"
2024-08-13,"Residuos Limpeza","12400,00"
2024-08-13,"Vidro","20520,00"
2024-08-13,"Cortes de Jardim","75580,00"
2024-08-13,"Papel","6980,00"
2024-08-13,"Restos Comida","7200,00"
2024-08-13,"Plastico","32560,00"
2024-08-13,"Monstros","17620,00"
2024-08-12,"Indiferenciado","238620,00"
2024-08-12,"Vidro","16960,00"
2024-08-12,"Monstros","19820,00"
2024-08-12,"Papel","35960,00"
2024-08-12,"Plastico","5040,00"
2024-08-12,"Restos Comida","14600,00"
2024-08-12,"Cortes de Jardim","74660,00"
2024-08-12,"Residuos Limpeza","19120,00"
2024-08-11,"Cortes de Jardim","42720,00"
2024-08-11,"Indiferenciado","242540,00"
2024-08-11,"Papel","3420,00"
2024-08-11,"Residuos Limpeza","1240,00"
2024-08-10,"Cortes de Jardim","72900,00"
2024-08-10,"Papel","10560,00"
2024-08-10,"Vidro","23900,00"
2024-08-10,"Indiferenciado","258560,00"
2024-08-10,"Plastico","4980,00"
2024-08-10,"Restos Comida","9500,00"
2024-08-10,"Monstros","24000,00"
2024-08-10,"Residuos Limpeza","4440,00"
2024-08-09,"Papel","5860,00"
2024-08-09,"Vidro","24380,00"
2024-08-09,"Monstros","17120,00"
2024-08-09,"Indiferenciado","247080,00"
2024-08-09,"Restos Comida","5860,00"
2024-08-09,"Plastico","24840,00"
2024-08-09,"Residuos Limpeza","41480,00"
2024-08-09,"Cortes de Jardim","56100,00"
2024-08-08,"Papel","32540,00"
2024-08-08,"Plastico","7980,00"
2024-08-08,"Restos Comida","10160,00"
2024-08-08,"Cortes de Jardim","67680,00"
2024-08-08,"Monstros","15460,00"
2024-08-08,"Vidro","20380,00"
2024-08-08,"Residuos Limpeza","11640,00"
2024-08-08,"Indiferenciado","250940,00"
2024-08-07,"Plastico","4760,00"
2024-08-07,"Papel","13160,00"
2024-08-07,"Monstros","13220,00"
2024-08-07,"Vidro","29820,00"
2024-08-07,"Restos Comida","6880,00"
2024-08-07,"Cortes de Jardim","63440,00"
2024-08-07,"Indiferenciado","244380,00"
2024-08-07,"Residuos Limpeza","52600,00"
2024-08-06,"Papel","9000,00"
2024-08-06,"Cortes de Jardim","82140,00"
2024-08-06,"Monstros","12080,00"
2024-08-06,"Restos Comida","7460,00"
2024-08-06,"Residuos Limpeza","19360,00"
2024-08-06,"Plastico","36840,00"
2024-08-06,"Vidro","17560,00"
2024-08-06,"Indiferenciado","248100,00"
2024-08-05,"Papel","34960,00"
2024-08-05,"Plastico","3020,00"
2024-08-05,"Monstros","17020,00"
2024-08-05,"Cortes de Jardim","54400,00"
2024-08-05,"Restos Comida","11980,00"
2024-08-05,"Residuos Limpeza","19600,00"
2024-08-05,"Indiferenciado","239560,00"
2024-08-05,"Vidro","16800,00"
2024-08-04,"Papel","5880,00"
2024-08-04,"Residuos Limpeza","1000,00"
2024-08-04,"Indiferenciado","250060,00"
2024-08-03,"Restos Comida","8220,00"
2024-08-03,"Cortes de Jardim","76120,00"
2024-08-03,"Vidro","17000,00"
2024-08-03,"Plastico","2900,00"
2024-08-03,"Residuos Limpeza","64720,00"
2024-08-03,"Monstros","21220,00"
2024-08-03,"Papel","10620,00"
2024-08-03,"Indiferenciado","262960,00"
2024-08-02,"Residuos Limpeza","3180,00"
2024-08-02,"Plastico","25520,00"
2024-08-02,"Papel","4060,00"
2024-08-02,"Cortes de Jardim","77040,00"
2024-08-02,"Monstros","25460,00"
2024-08-02,"Vidro","7560,00"
2024-08-02,"Indiferenciado","258360,00"
2024-08-02,"Restos Comida","8040,00"
2024-08-01,"Indiferenciado","252240,00"
2024-08-01,"Residuos Limpeza","4460,00"
2024-08-01,"Cortes de Jardim","69300,00"
2024-08-01,"Vidro","17680,00"
2024-08-01,"Monstros","16400,00"
2024-08-01,"Papel","33140,00"
2024-08-01,"Restos Comida","7920,00"
2024-08-01,"Plastico","4400,00"
2024-07-31,"Vidro","16120,00"
2024-07-31,"Cortes de Jardim","81720,00"
2024-07-31,"Indiferenciado","260320,00"
2024-07-31,"Papel","14900,00"
2024-07-31,"Monstros","18860,00"
2024-07-31,"Restos Comida","8440,00"
2024-07-31,"Plastico","8480,00"
2024-07-31,"Residuos Limpeza","36300,00"
2024-07-30,"Indiferenciado","264800,00"
2024-07-30,"Vidro","23500,00"
2024-07-30,"Residuos Limpeza","34640,00"
2024-07-30,"Papel","6600,00"
2024-07-30,"Cortes de Jardim","99520,00"
2024-07-30,"Plastico","39840,00"
2024-07-30,"Monstros","15000,00"
2024-07-30,"Restos Comida","7720,00"
2024-07-29,"Cortes de Jardim","86500,00"
2024-07-29,"Indiferenciado","254880,00"
2024-07-29,"Vidro","13780,00"
2024-07-29,"Monstros","17520,00"
2024-07-29,"Restos Comida","14820,00"
2024-07-29,"Papel","38140,00"
2024-07-29,"Plastico","3160,00"
2024-07-29,"Residuos Limpeza","30980,00"
2024-07-28,"Papel","7560,00"
2024-07-28,"Indiferenciado","250300,00"
2024-07-28,"Residuos Limpeza","380,00"
2024-07-27,"Papel","10940,00"
2024-07-27,"Cortes de Jardim","85060,00"
2024-07-27,"Vidro","7780,00"
2024-07-27,"Indiferenciado","257760,00"
2024-07-27,"Residuos Limpeza","6300,00"
2024-07-27,"Restos Comida","7860,00"
2024-07-27,"Monstros","15580,00"
2024-07-27,"Plastico","5480,00"
2024-07-26,"Cortes de Jardim","84760,00"
2024-07-26,"Vidro","7980,00"
2024-07-26,"Monstros","22180,00"
2024-07-26,"Restos Comida","6960,00"
2024-07-26,"Residuos Limpeza","12960,00"
2024-07-26,"Indiferenciado","257580,00"
2024-07-26,"Papel","3600,00"
2024-07-26,"Plastico","21820,00"
2024-07-25,"Indiferenciado","249840,00"
2024-07-25,"Plastico","4340,00"
2024-07-25,"Restos Comida","8400,00"
2024-07-25,"Cortes de Jardim","87860,00"
2024-07-25,"Papel","30780,00"
2024-07-25,"Monstros","21200,00"
2024-07-25,"Vidro","2980,00"
2024-07-25,"Residuos Limpeza","8940,00"
2024-07-24,"Papel","16740,00"
2024-07-24,"Cortes de Jardim","87520,00"
2024-07-24,"Monstros","20520,00"
2024-07-24,"Plastico","9520,00"
2024-07-24,"Restos Comida","7720,00"
2024-07-24,"Vidro","18320,00"
2024-07-24,"Indiferenciado","250940,00"
2024-07-24,"Residuos Limpeza","18560,00"
2024-07-23,"Residuos Limpeza","25740,00"
2024-07-23,"Papel","4840,00"
2024-07-23,"Plastico","35720,00"
2024-07-23,"Restos Comida","8280,00"
2024-07-23,"Cortes de Jardim","79680,00"
2024-07-23,"Monstros","18360,00"
2024-07-23,"Indiferenciado","251260,00"
2024-07-23,"Vidro","6680,00"
2024-07-22,"Vidro","8980,00"
2024-07-22,"Monstros","32020,00"
2024-07-22,"Restos Comida","12500,00"
2024-07-22,"Residuos Limpeza","16440,00"
2024-07-22,"Plastico","2780,00"
2024-07-22,"Indiferenciado","242740,00"
2024-07-22,"Cortes de Jardim","88260,00"
2024-07-22,"Papel","35500,00"
2024-07-21,"Papel","6160,00"
2024-07-21,"Indiferenciado","229620,00"
2024-07-20,"Papel","13020,00"
2024-07-20,"Plastico","3980,00"
2024-07-20,"Residuos Limpeza","22300,00"
2024-07-20,"Indiferenciado","260460,00"
2024-07-20,"Restos Comida","8860,00"
2024-07-20,"Cortes de Jardim","54640,00"
2024-07-20,"Vidro","30320,00"
2024-07-20,"Monstros","14360,00"
2024-07-19,"Indiferenciado","249680,00"
2024-07-19,"Residuos Limpeza","29580,00"
2024-07-19,"Vidro","7340,00"
2024-07-19,"Restos Comida","6620,00"
2024-07-19,"Monstros","17660,00"
2024-07-19,"Papel","11080,00"
2024-07-19,"Plastico","22860,00"
2024-07-19,"Cortes de Jardim","65960,00"
2024-07-18,"Vidro","7160,00"
2024-07-18,"Indiferenciado","245780,00"
2024-07-18,"Papel","32340,00"
2024-07-18,"Cortes de Jardim","85580,00"
2024-07-18,"Monstros","21880,00"
2024-07-18,"Residuos Limpeza","109340,00"
2024-07-18,"Plastico","6720,00"
2024-07-18,"Restos Comida","8920,00"
2024-07-16,"Residuos Limpeza","78620,00"
2024-07-16,"Papel","5880,00"
2024-07-16,"Plastico","33520,00"
2024-07-16,"Restos Comida","7840,00"
2024-07-16,"Monstros","31140,00"
2024-07-16,"Cortes de Jardim","68800,00"
2024-07-16,"Indiferenciado","272340,00"
2024-07-16,"Vidro","8400,00"
2024-07-15,"Restos Comida","12860,00"
2024-07-15,"Plastico","2500,00"
2024-07-15,"Residuos Limpeza","40900,00"
2024-07-15,"Indiferenciado","238620,00"
2024-07-15,"Papel","39440,00"
2024-07-15,"Monstros","29880,00"
2024-07-15,"Cortes de Jardim","87100,00"
2024-07-15,"Vidro","20360,00"
2024-07-14,"Residuos Limpeza","3020,00"
2024-07-14,"Plastico","2660,00"
2024-07-14,"Indiferenciado","241840,00"
2024-07-14,"Papel","6600,00"
2024-07-13,"Indiferenciado","253020,00"
2024-07-13,"Restos Comida","7860,00"
2024-07-13,"Residuos Limpeza","22780,00"
2024-07-13,"Cortes de Jardim","115180,00"
2024-07-13,"Papel","12680,00"
2024-07-13,"Plastico","3620,00"
2024-07-13,"Monstros","14920,00"
2024-07-13,"Vidro","20140,00"
2024-07-12,"Indiferenciado","248160,00"
2024-07-12,"Vidro","13000,00"
2024-07-12,"Papel","5480,00"
2024-07-12,"Cortes de Jardim","110220,00"
2024-07-12,"Monstros","27620,00"
2024-07-12,"Plastico","25000,00"
2024-07-12,"Restos Comida","8100,00"
2024-07-12,"Residuos Limpeza","11500,00"
2024-07-11,"Indiferenciado","247620,00"
2024-07-11,"Vidro","11100,00"
2024-07-11,"Restos Comida","9160,00"
2024-07-11,"Monstros","33820,00"
2024-07-11,"Papel","26680,00"
2024-07-11,"Cortes de Jardim","101060,00"
2024-07-11,"Residuos Limpeza","21000,00"
2024-07-11,"Plastico","5480,00"
2024-07-10,"Cortes de Jardim","81740,00"
2024-07-10,"Indiferenciado","245680,00"
2024-07-10,"Vidro","22200,00"
2024-07-10,"Restos Comida","7960,00"
2024-07-10,"Residuos Limpeza","19240,00"
2024-07-10,"Plastico","7100,00"
2024-07-10,"Papel","18060,00"
2024-07-10,"Monstros","28320,00"
2024-07-09,"Indiferenciado","258500,00"
2024-07-09,"Cortes de Jardim","89020,00"
2024-07-09,"Papel","2400,00"
2024-07-09,"Monstros","16600,00"
2024-07-09,"Vidro","21200,00"
2024-07-09,"Restos Comida","7760,00"
2024-07-09,"Plastico","36420,00"
2024-07-09,"Residuos Limpeza","15500,00"
2024-07-08,"Monstros","18180,00"
2024-07-08,"Papel","37800,00"
2024-07-08,"Indiferenciado","254020,00"
2024-07-08,"Residuos Limpeza","29720,00"
2024-07-08,"Plastico","5580,00"
2024-07-08,"Restos Comida","14400,00"
2024-07-08,"Vidro","23280,00"
2024-07-08,"Cortes de Jardim","68180,00"
2024-07-07,"Monstros","380,00"
2024-07-07,"Residuos Limpeza","1540,00"
2024-07-07,"Indiferenciado","243580,00"
2024-07-07,"Papel","4160,00"
2024-07-06,"Indiferenciado","261960,00"
2024-07-06,"Restos Comida","7280,00"
2024-07-06,"Cortes de Jardim","110700,00"
2024-07-06,"Papel","16400,00"
2024-07-06,"Monstros","10880,00"
2024-07-06,"Plastico","9320,00"
2024-07-06,"Residuos Limpeza","4960,00"
2024-07-06,"Vidro","9540,00"
2024-07-05,"Papel","5820,00"
2024-07-05,"Indiferenciado","253420,00"
2024-07-05,"Restos Comida","8540,00"
2024-07-05,"Cortes de Jardim","68300,00"
2024-07-05,"Monstros","18060,00"
2024-07-05,"Plastico","23480,00"
2024-07-05,"Vidro","5400,00"
2024-07-05,"Residuos Limpeza","67880,00"
2024-07-04,"Restos Comida","8860,00"
2024-07-04,"Residuos Limpeza","93300,00"
2024-07-04,"Cortes de Jardim","78620,00"
2024-07-04,"Plastico","4880,00"
2024-07-04,"Papel","32680,00"
2024-07-04,"Monstros","18440,00"
2024-07-04,"Indiferenciado","258240,00"
2024-07-04,"Vidro","8040,00"
2024-07-03,"Monstros","23760,00"
2024-07-03,"Restos Comida","7660,00"
2024-07-03,"Plastico","10600,00"
2024-07-03,"Residuos Limpeza","63280,00"
2024-07-03,"Indiferenciado","244540,00"
2024-07-03,"Papel","16640,00"
2024-07-03,"Cortes de Jardim","88980,00"
2024-07-03,"Vidro","19280,00"
2024-07-02,"Plastico","31960,00"
2024-07-02,"Restos Comida","7720,00"
2024-07-02,"Residuos Limpeza","28400,00"
2024-07-02,"Papel","12100,00"
2024-07-02,"Cortes de Jardim","96060,00"
2024-07-02,"Indiferenciado","256320,00"
2024-07-02,"Monstros","19220,00"
2024-07-02,"Vidro","9640,00"
2024-07-01,"Indiferenciado","244780,00"
2024-07-01,"Residuos Limpeza","17860,00"
2024-07-01,"Restos Comida","12760,00"
2024-07-01,"Papel","32480,00"
2024-07-01,"Plastico","3020,00"
2024-07-01,"Cortes de Jardim","97220,00"
2024-07-01,"Vidro","7500,00"
2024-07-01,"Monstros","32640,00"
2024-06-30,"Indiferenciado","238120,00"
2024-06-30,"Residuos Limpeza","640,00"
2024-06-30,"Papel","5460,00"
2024-06-29,"Indiferenciado","257660,00"
2024-06-29,"Papel","11640,00"
2024-06-29,"Monstros","17940,00"
2024-06-29,"Cortes de Jardim","99720,00"
2024-06-29,"Restos Comida","7720,00"
2024-06-29,"Plastico","8320,00"
2024-06-29,"Residuos Limpeza","8160,00"
2024-06-29,"Vidro","18140,00"
2024-06-28,"Plastico","20500,00"
2024-06-28,"Monstros","15240,00"
2024-06-28,"Restos Comida","6100,00"
2024-06-28,"Cortes de Jardim","116400,00"
2024-06-28,"Papel","9700,00"
2024-06-28,"Vidro","6600,00"
2024-06-28,"Indiferenciado","246600,00"
2024-06-28,"Residuos Limpeza","28100,00"
2024-06-27,"Monstros","20580,00"
2024-06-27,"Papel","28280,00"
2024-06-27,"Restos Comida","7600,00"
2024-06-27,"Plastico","5260,00"
2024-06-27,"Residuos Limpeza","36420,00"
2024-06-27,"Vidro","15740,00"
2024-06-27,"Indiferenciado","226700,00"
2024-06-27,"Cortes de Jardim","105420,00"
2024-06-26,"Plastico","8320,00"
2024-06-26,"Monstros","27100,00"
2024-06-26,"Residuos Limpeza","28160,00"
2024-06-26,"Restos Comida","7160,00"
2024-06-26,"Indiferenciado","246200,00"
2024-06-26,"Papel","16860,00"
2024-06-26,"Vidro","15400,00"
2024-06-26,"Cortes de Jardim","95260,00"
2024-06-25,"Residuos Limpeza","14980,00"
2024-06-25,"Plastico","34860,00"
2024-06-25,"Indiferenciado","257280,00"
2024-06-25,"Papel","4000,00"
2024-06-25,"Monstros","26160,00"
2024-06-25,"Cortes de Jardim","86120,00"
2024-06-25,"Restos Comida","8020,00"
2024-06-25,"Vidro","21220,00"
2024-06-24,"Indiferenciado","249200,00"
2024-06-24,"Residuos Limpeza","25560,00"
2024-06-24,"Cortes de Jardim","102020,00"
2024-06-24,"Monstros","17860,00"
2024-06-24,"Vidro","19920,00"
2024-06-24,"Papel","33780,00"
2024-06-24,"Plastico","4140,00"
2024-06-24,"Restos Comida","12960,00"
2024-06-23,"Indiferenciado","233500,00"
2024-06-23,"Papel","4440,00"
2024-06-23,"Residuos Limpeza","1260,00"
2024-06-23,"Plastico","2280,00"
2024-06-23,"Monstros","220,00"
2024-06-22,"Indiferenciado","253580,00"
2024-06-22,"Residuos Limpeza","10380,00"
2024-06-22,"Vidro","41560,00"
2024-06-22,"Plastico","4040,00"
2024-06-22,"Papel","13920,00"
2024-06-22,"Cortes de Jardim","107040,00"
2024-06-22,"Monstros","15320,00"
2024-06-22,"Restos Comida","7880,00"
2024-06-21,"Vidro","9720,00"
2024-06-21,"Indiferenciado","241860,00"
2024-06-21,"Cortes de Jardim","231380,00"
2024-06-21,"Restos Comida","7240,00"
2024-06-21,"Papel","5400,00"
2024-06-21,"Monstros","19900,00"
2024-06-21,"Plastico","23020,00"
2024-06-21,"Residuos Limpeza","15420,00"
2024-06-20,"Cortes de Jardim","131580,00"
2024-06-20,"Papel","35080,00"
2024-06-20,"Indiferenciado","238400,00"
2024-06-20,"Residuos Limpeza","25700,00"
2024-06-20,"Plastico","7900,00"
2024-06-20,"Restos Comida","12640,00"
2024-06-20,"Vidro","20960,00"
2024-06-20,"Monstros","18540,00"
2024-06-19,"Indiferenciado","242980,00"
2024-06-19,"Papel","15620,00"
2024-06-19,"Vidro","12180,00"
2024-06-19,"Monstros","21420,00"
2024-06-19,"Cortes de Jardim","109420,00"
2024-06-19,"Plastico","11300,00"
2024-06-19,"Restos Comida","8220,00"
2024-06-19,"Residuos Limpeza","42660,00"
2024-06-18,"Monstros","36940,00"
2024-06-18,"Vidro","18680,00"
2024-06-18,"Cortes de Jardim","120140,00"
2024-06-18,"Indiferenciado","250040,00"
2024-06-18,"Residuos Limpeza","10820,00"
2024-06-18,"Papel","12000,00"
2024-06-18,"Restos Comida","6520,00"
2024-06-18,"Plastico","32480,00"
2024-06-17,"Papel","30580,00"
2024-06-17,"Cortes de Jardim","94480,00"
2024-06-17,"Monstros","24160,00"
2024-06-17,"Plastico","3080,00"
2024-06-17,"Restos Comida","13000,00"
2024-06-17,"Residuos Limpeza","9400,00"
2024-06-17,"Indiferenciado","249660,00"
2024-06-17,"Vidro","5840,00"
2024-06-16,"Papel","5760,00"
2024-06-16,"Indiferenciado","223880,00"
2024-06-16,"Residuos Limpeza","800,00"
2024-06-15,"Cortes de Jardim","89640,00"
2024-06-15,"Residuos Limpeza","8480,00"
2024-06-15,"Monstros","14620,00"
2024-06-15,"Plastico","7000,00"
2024-06-15,"Papel","14280,00"
2024-06-15,"Restos Comida","8980,00"
2024-06-15,"Indiferenciado","257840,00"
2024-06-15,"Vidro","8860,00"
2024-06-14,"Restos Comida","6740,00"
2024-06-14,"Monstros","18480,00"
2024-06-14,"Plastico","19460,00"
2024-06-14,"Residuos Limpeza","13920,00"
2024-06-14,"Vidro","9520,00"
2024-06-14,"Indiferenciado","224580,00"
2024-06-14,"Papel","2880,00"
2024-06-14,"Cortes de Jardim","72900,00"
2024-06-13,"Restos Comida","7760,00"
2024-06-13,"Plastico","5300,00"
2024-06-13,"Residuos Limpeza","2260,00"
2024-06-13,"Papel","21760,00"
2024-06-13,"Monstros","1520,00"
2024-06-13,"Vidro","26100,00"
2024-06-13,"Indiferenciado","236320,00"
2024-06-13,"Cortes de Jardim","11160,00"
2024-06-12,"Residuos Limpeza","1740,00"
2024-06-12,"Indiferenciado","249640,00"
2024-06-12,"Monstros","39700,00"
2024-06-12,"Vidro","9120,00"
2024-06-12,"Papel","25260,00"
2024-06-12,"Plastico","8040,00"
2024-06-12,"Restos Comida","5600,00"
2024-06-12,"Cortes de Jardim","73400,00"
2024-06-11,"Indiferenciado","253140,00"
2024-06-11,"Residuos Limpeza","9980,00"
2024-06-11,"Plastico","33300,00"
2024-06-11,"Restos Comida","6560,00"
2024-06-11,"Papel","3780,00"
2024-06-11,"Monstros","16540,00"
2024-06-11,"Cortes de Jardim","68800,00"
2024-06-10,"Vidro","6980,00"
2024-06-10,"Cortes de Jardim","21320,00"
2024-06-10,"Monstros","3560,00"
2024-06-10,"Papel","26460,00"
2024-06-10,"Restos Comida","12600,00"
2024-06-10,"Residuos Limpeza","560,00"
2024-06-10,"Plastico","4720,00"
2024-06-10,"Indiferenciado","220080,00"
2024-06-09,"Indiferenciado","217080,00"
2024-06-09,"Papel","5280,00"
2024-06-09,"Monstros","740,00"
2024-06-09,"Residuos Limpeza","440,00"
2024-06-08,"Cortes de Jardim","82820,00"
2024-06-08,"Vidro","13820,00"
2024-06-08,"Indiferenciado","246780,00"
2024-06-08,"Restos Comida","7300,00"
2024-06-08,"Plastico","7080,00"
2024-06-08,"Papel","13420,00"
2024-06-08,"Monstros","15960,00"
2024-06-08,"Residuos Limpeza","11500,00"
2024-06-07,"Papel","4740,00"
2024-06-07,"Cortes de Jardim","76100,00"
2024-06-07,"Monstros","20260,00"
2024-06-07,"Indiferenciado","244560,00"
2024-06-07,"Vidro","10880,00"
2024-06-07,"Restos Comida","7980,00"
2024-06-07,"Plastico","19860,00"
2024-06-07,"Residuos Limpeza","4140,00"
2024-06-06,"Indiferenciado","240440,00"
2024-06-06,"Papel","32260,00"
2024-06-06,"Cortes de Jardim","94060,00"
2024-06-06,"Vidro","17360,00"
2024-06-06,"Residuos Limpeza","4280,00"
2024-06-06,"Plastico","5400,00"
2024-06-06,"Restos Comida","6840,00"
2024-06-06,"Monstros","17920,00"
2024-06-05,"Cortes de Jardim","102820,00"
2024-06-05,"Papel","14420,00"
2024-06-05,"Restos Comida","7520,00"
2024-06-05,"Plastico","7360,00"
2024-06-05,"Vidro","17400,00"
2024-06-05,"Monstros","21820,00"
2024-06-05,"Indiferenciado","243940,00"
2024-06-05,"Residuos Limpeza","6380,00"
2024-06-04,"Cortes de Jardim","108100,00"
2024-06-04,"Monstros","37060,00"
2024-06-04,"Papel","3600,00"
2024-06-04,"Restos Comida","7560,00"
2024-06-04,"Plastico","37360,00"
2024-06-04,"Residuos Limpeza","5260,00"
2024-06-04,"Vidro","17120,00"
2024-06-04,"Indiferenciado","255720,00"
2024-06-03,"Residuos Limpeza","12800,00"
2024-06-03,"Plastico","5520,00"
2024-06-03,"Papel","37020,00"
2024-06-03,"Cortes de Jardim","77000,00"
2024-06-03,"Monstros","48380,00"
2024-06-03,"Restos Comida","12960,00"
2024-06-03,"Vidro","17260,00"
2024-06-03,"Indiferenciado","274880,00"
2024-06-02,"Papel","6700,00"
2024-06-02,"Monstros","1240,00"
2024-06-02,"Indiferenciado","219820,00"
2024-06-01,"Restos Comida","6820,00"
2024-06-01,"Plastico","5680,00"
2024-06-01,"Residuos Limpeza","4260,00"
2024-06-01,"Indiferenciado","254500,00"
2024-06-01,"Papel","14780,00"
2024-06-01,"Cortes de Jardim","73560,00"
2024-06-01,"Vidro","16160,00"
2024-06-01,"Monstros","28100,00"
2024-05-31,"Residuos Limpeza","13300,00"
2024-05-31,"Monstros","36800,00"
2024-05-31,"Plastico","22500,00"
2024-05-31,"Restos Comida","6900,00"
2024-05-31,"Papel","4020,00"
2024-05-31,"Vidro","13420,00"
2024-05-31,"Cortes de Jardim","97580,00"
2024-05-31,"Indiferenciado","237820,00"
2024-05-30,"Residuos Limpeza","200,00"
2024-05-30,"Indiferenciado","240880,00"
2024-05-30,"Cortes de Jardim","18620,00"
2024-05-30,"Monstros","3900,00"
2024-05-30,"Vidro","7520,00"
2024-05-30,"Restos Comida","6820,00"
2024-05-30,"Plastico","5200,00"
2024-05-30,"Papel","20000,00"
2024-05-29,"Indiferenciado","237220,00"
2024-05-29,"Vidro","15300,00"
2024-05-29,"Residuos Limpeza","11060,00"
2024-05-29,"Restos Comida","6880,00"
2024-05-29,"Plastico","8460,00"
2024-05-29,"Papel","17960,00"
2024-05-29,"Cortes de Jardim","95200,00"
2024-05-29,"Monstros","33560,00"
2024-05-28,"Vidro","21900,00"
2024-05-28,"Indiferenciado","248020,00"
2024-05-28,"Papel","8560,00"
2024-05-28,"Cortes de Jardim","94320,00"
2024-05-28,"Monstros","17540,00"
2024-05-28,"Plastico","35120,00"
2024-05-28,"Restos Comida","6800,00"
2024-05-28,"Residuos Limpeza","16080,00"
2024-05-27,"Vidro","8400,00"
2024-05-27,"Indiferenciado","230920,00"
2024-05-27,"Residuos Limpeza","42180,00"
2024-05-27,"Plastico","2340,00"
2024-05-27,"Restos Comida","12760,00"
2024-05-27,"Papel","31980,00"
2024-05-27,"Cortes de Jardim","76120,00"
2024-05-27,"Monstros","21420,00"
2024-05-26,"Indiferenciado","231560,00"
2024-05-26,"Papel","4660,00"
2024-05-26,"Monstros","340,00"
2024-05-26,"Residuos Limpeza","840,00"
2024-05-25,"Papel","11080,00"
2024-05-25,"Cortes de Jardim","101000,00"
2024-05-25,"Vidro","17820,00"
2024-05-25,"Indiferenciado","244420,00"
2024-05-25,"Restos Comida","7000,00"
2024-05-25,"Plastico","7360,00"
2024-05-25,"Residuos Limpeza","3620,00"
2024-05-25,"Monstros","12660,00"
2024-05-24,"Monstros","17320,00"
2024-05-24,"Vidro","8040,00"
2024-05-24,"Restos Comida","18960,00"
2024-05-24,"Papel","7220,00"
2024-05-24,"Plastico","20440,00"
2024-05-24,"Cortes de Jardim","121800,00"
2024-05-24,"Indiferenciado","228800,00"
2024-05-24,"Residuos Limpeza","17420,00"
2024-05-23,"Papel","28360,00"
2024-05-23,"Vidro","6260,00"
2024-05-23,"Monstros","23700,00"
2024-05-23,"Cortes de Jardim","129800,00"
2024-05-23,"Indiferenciado","234300,00"
2024-05-23,"Residuos Limpeza","15360,00"
2024-05-23,"Restos Comida","7020,00"
2024-05-23,"Plastico","5060,00"
2024-05-22,"Papel","15260,00"
2024-05-22,"Cortes de Jardim","105620,00"
2024-05-22,"Monstros","18340,00"
2024-05-22,"Residuos Limpeza","12660,00"
2024-05-22,"Plastico","6340,00"
2024-05-22,"Restos Comida","5360,00"
2024-05-22,"Vidro","21280,00"
2024-05-22,"Indiferenciado","237020,00"
2024-05-21,"Residuos Limpeza","10020,00"
2024-05-21,"Plastico","34040,00"
2024-05-21,"Cortes de Jardim","120960,00"
2024-05-21,"Papel","13220,00"
2024-05-21,"Restos Comida","6280,00"
2024-05-21,"Monstros","26940,00"
2024-05-21,"Vidro","14420,00"
2024-05-21,"Indiferenciado","242380,00"
2024-05-20,"Monstros","20900,00"
2024-05-20,"Papel","33920,00"
2024-05-20,"Plastico","2980,00"
2024-05-20,"Restos Comida","12280,00"
2024-05-20,"Residuos Limpeza","7160,00"
2024-05-20,"Vidro","18240,00"
2024-05-20,"Indiferenciado","246780,00"
2024-05-20,"Cortes de Jardim","112880,00"
2024-05-19,"Papel","4460,00"
2024-05-19,"Monstros","340,00"
2024-05-19,"Indiferenciado","215160,00"
2024-05-18,"Residuos Limpeza","320,00"
2024-05-18,"Plastico","5620,00"
2024-05-18,"Vidro","23860,00"
2024-05-18,"Monstros","19460,00"
2024-05-18,"Restos Comida","8000,00"
2024-05-18,"Indiferenciado","257380,00"
2024-05-18,"Papel","9960,00"
2024-05-18,"Cortes de Jardim","91380,00"
2024-05-17,"Residuos Limpeza","16540,00"
2024-05-17,"Restos Comida","6380,00"
2024-05-17,"Indiferenciado","222440,00"
2024-05-17,"Cortes de Jardim","96480,00"
2024-05-17,"Monstros","23300,00"
2024-05-17,"Plastico","22900,00"
2024-05-17,"Papel","3880,00"
2024-05-17,"Vidro","17240,00"
2024-05-16,"Indiferenciado","223400,00"
2024-05-16,"Vidro","31180,00"
2024-05-16,"Plastico","1640,00"
2024-05-16,"Restos Comida","6080,00"
2024-05-16,"Papel","26380,00"
2024-05-16,"Cortes de Jardim","107740,00"
2024-05-16,"Monstros","26320,00"
2024-05-16,"Residuos Limpeza","20540,00"
2024-05-15,"Indiferenciado","240240,00"
2024-05-15,"Vidro","9320,00"
2024-05-15,"Cortes de Jardim","96220,00"
2024-05-15,"Monstros","22640,00"
2024-05-15,"Papel","15800,00"
2024-05-15,"Residuos Limpeza","17680,00"
2024-05-15,"Restos Comida","7220,00"
2024-05-15,"Plastico","12580,00"
2024-05-14,"Cortes de Jardim","100980,00"
2024-05-14,"Vidro","12420,00"
2024-05-14,"Indiferenciado","246060,00"
2024-05-14,"Restos Comida","6240,00"
2024-05-14,"Residuos Limpeza","20480,00"
2024-05-14,"Plastico","34080,00"
2024-05-14,"Papel","11120,00"
2024-05-14,"Monstros","19340,00"
2024-05-13,"Indiferenciado","237940,00"
2024-05-13,"Cortes de Jardim","95720,00"
2024-05-13,"Papel","30780,00"
2024-05-13,"Monstros","18800,00"
2024-05-13,"Vidro","15700,00"
2024-05-13,"Restos Comida","10620,00"
2024-05-13,"Plastico","3500,00"
2024-05-13,"Residuos Limpeza","15220,00"
2024-05-12,"Monstros","980,00"
2024-05-12,"Papel","4700,00"
2024-05-12,"Indiferenciado","237360,00"
2024-05-12,"Residuos Limpeza","160,00"
2024-05-12,"Vidro","1760,00"
2024-05-11,"Cortes de Jardim","84700,00"
2024-05-11,"Papel","9860,00"
2024-05-11,"Plastico","8960,00"
2024-05-11,"Vidro","5560,00"
2024-05-11,"Monstros","14100,00"
2024-05-11,"Residuos Limpeza","980,00"
2024-05-11,"Indiferenciado","251300,00"
2024-05-11,"Restos Comida","7560,00"
2024-05-10,"Restos Comida","7360,00"
2024-05-10,"Papel","5800,00"
2024-05-10,"Cortes de Jardim","88060,00"
2024-05-10,"Monstros","16880,00"
2024-05-10,"Indiferenciado","245100,00"
2024-05-10,"Plastico","24880,00"
2024-05-10,"Residuos Limpeza","1680,00"
2024-05-10,"Vidro","8000,00"
2024-05-09,"Monstros","18140,00"
2024-05-09,"Papel","27020,00"
2024-05-09,"Indiferenciado","236580,00"
2024-05-09,"Restos Comida","6720,00"
2024-05-09,"Plastico","3280,00"
2024-05-09,"Cortes de Jardim","121720,00"
2024-05-09,"Residuos Limpeza","10220,00"
2024-05-09,"Vidro","8900,00"
2024-05-08,"Restos Comida","6580,00"
2024-05-08,"Residuos Limpeza","15460,00"
2024-05-08,"Plastico","12260,00"
2024-05-08,"Cortes de Jardim","117120,00"
2024-05-08,"Papel","16700,00"
2024-05-08,"Monstros","22420,00"
2024-05-08,"Indiferenciado","247320,00"
2024-05-08,"Vidro","25000,00"
2024-05-07,"Restos Comida","6440,00"
2024-05-07,"Monstros","26940,00"
2024-05-07,"Residuos Limpeza","16160,00"
2024-05-07,"Plastico","32260,00"
2024-05-07,"Papel","5140,00"
2024-05-07,"Vidro","15060,00"
2024-05-07,"Indiferenciado","253600,00"
2024-05-07,"Cortes de Jardim","114760,00"
2024-05-06,"Restos Comida","12460,00"
2024-05-06,"Plastico","3920,00"
2024-05-06,"Residuos Limpeza","26440,00"
2024-05-06,"Indiferenciado","222420,00"
2024-05-06,"Papel","35300,00"
2024-05-06,"Monstros","20640,00"
2024-05-06,"Vidro","17560,00"
2024-05-06,"Cortes de Jardim","97900,00"
2024-05-05,"Indiferenciado","220020,00"
2024-05-05,"Residuos Limpeza","440,00"
2024-05-05,"Papel","6440,00"
2024-05-04,"Indiferenciado","240820,00"
2024-05-04,"Residuos Limpeza","840,00"
2024-05-04,"Cortes de Jardim","77020,00"
2024-05-04,"Monstros","22800,00"
2024-05-04,"Vidro","27800,00"
2024-05-04,"Restos Comida","7640,00"
2024-05-04,"Papel","11620,00"
2024-05-04,"Plastico","5120,00"
2024-05-03,"Indiferenciado","250380,00"
2024-05-03,"Vidro","7680,00"
2024-05-03,"Papel","3760,00"
2024-05-03,"Monstros","21360,00"
2024-05-03,"Cortes de Jardim","82440,00"
2024-05-03,"Plastico","21840,00"
2024-05-03,"Restos Comida","8480,00"
2024-05-03,"Residuos Limpeza","4360,00"
2024-05-02,"Indiferenciado","244920,00"
2024-05-02,"Cortes de Jardim","106780,00"
2024-05-02,"Papel","31120,00"
2024-05-02,"Restos Comida","3180,00"
2024-05-02,"Monstros","20680,00"
2024-05-02,"Plastico","4100,00"
2024-05-02,"Residuos Limpeza","5340,00"
2024-05-01,"Cortes de Jardim","24320,00"
2024-05-01,"Vidro","8080,00"
2024-05-01,"Indiferenciado","221200,00"
2024-05-01,"Papel","10860,00"
2024-05-01,"Plastico","4420,00"
2024-05-01,"Restos Comida","6540,00"
2024-05-01,"Monstros","2640,00"
2024-04-30,"Cortes de Jardim","81100,00"
2024-04-30,"Indiferenciado","246000,00"
2024-04-30,"Papel","4280,00"
2024-04-30,"Vidro","16400,00"
2024-04-30,"Plastico","35420,00"
2024-04-30,"Monstros","24160,00"
2024-04-30,"Restos Comida","5820,00"
2024-04-30,"Residuos Limpeza","26140,00"
2024-04-29,"Indiferenciado","229140,00"
2024-04-29,"Monstros","21140,00"
2024-04-29,"Restos Comida","12740,00"
2024-04-29,"Papel","38660,00"
2024-04-29,"Residuos Limpeza","20880,00"
2024-04-29,"Plastico","3720,00"
2024-04-29,"Cortes de Jardim","95560,00"
2024-04-29,"Vidro","9480,00"
2024-04-28,"Papel","5420,00"
2024-04-28,"Indiferenciado","211260,00"
2024-04-27,"Plastico","3140,00"
2024-04-27,"Monstros","23220,00"
2024-04-27,"Restos Comida","6740,00"
2024-04-27,"Indiferenciado","240620,00"
2024-04-27,"Papel","9180,00"
2024-04-27,"Cortes de Jardim","76620,00"
2024-04-27,"Residuos Limpeza","1980,00"
2024-04-27,"Vidro","17540,00"
2024-04-26,"Cortes de Jardim","87240,00"
2024-04-26,"Monstros","11720,00"
2024-04-26,"Papel","7160,00"
2024-04-26,"Plastico","24220,00"
2024-04-26,"Restos Comida","6960,00"
2024-04-26,"Residuos Limpeza","1560,00"
2024-04-26,"Vidro","14640,00"
2024-04-26,"Indiferenciado","232000,00"
2024-04-25,"Plastico","5000,00"
2024-04-25,"Restos Comida","7000,00"
2024-04-25,"Residuos Limpeza","7300,00"
2024-04-25,"Papel","24200,00"
2024-04-25,"Monstros","3960,00"
2024-04-25,"Cortes de Jardim","19300,00"
2024-04-25,"Indiferenciado","230840,00"
2024-04-25,"Vidro","9260,00"
2024-04-24,"Restos Comida","7520,00"
2024-04-24,"Plastico","13740,00"
2024-04-24,"Residuos Limpeza","14740,00"
2024-04-24,"Indiferenciado","253440,00"
2024-04-24,"Cortes de Jardim","80460,00"
2024-04-24,"Papel","20100,00"
2024-04-24,"Monstros","18320,00"
2024-04-24,"Vidro","13020,00"
2024-04-23,"Residuos Limpeza","18520,00"
2024-04-23,"Restos Comida","6900,00"
2024-04-23,"Plastico","28740,00"
2024-04-23,"Papel","5260,00"
2024-04-23,"Monstros","12500,00"
2024-04-23,"Vidro","19580,00"
2024-04-23,"Cortes de Jardim","92200,00"
2024-04-23,"Indiferenciado","248680,00"
2024-04-22,"Residuos Limpeza","2380,00"
2024-04-22,"Indiferenciado","233840,00"
2024-04-22,"Vidro","10880,00"
2024-04-22,"Monstros","18020,00"
2024-04-22,"Plastico","3620,00"
2024-04-22,"Restos Comida","12020,00"
2024-04-22,"Papel","31080,00"
2024-04-22,"Cortes de Jardim","98740,00"
2024-04-21,"Indiferenciado","245600,00"
2024-04-21,"Residuos Limpeza","460,00"
2024-04-21,"Papel","5500,00"
2024-04-20,"Vidro","16620,00"
2024-04-20,"Indiferenciado","249260,00"
2024-04-20,"Papel","11440,00"
2024-04-20,"Cortes de Jardim","95040,00"
2024-04-20,"Monstros","14000,00"
2024-04-20,"Restos Comida","7800,00"
2024-04-20,"Plastico","3320,00"
2024-04-20,"Residuos Limpeza","12460,00"
2024-04-19,"Indiferenciado","254180,00"
2024-04-19,"Vidro","9860,00"
2024-04-19,"Residuos Limpeza","19280,00"
2024-04-19,"Cortes de Jardim","94460,00"
2024-04-19,"Restos Comida","5720,00"
2024-04-19,"Plastico","21820,00"
2024-04-19,"Papel","2780,00"
2024-04-19,"Monstros","16520,00"
2024-04-18,"Vidro","8540,00"
2024-04-18,"Indiferenciado","220980,00"
2024-04-18,"Cortes de Jardim","85500,00"
2024-04-18,"Monstros","20660,00"
2024-04-18,"Restos Comida","7200,00"
2024-04-18,"Papel","28900,00"
2024-04-18,"Plastico","6080,00"
2024-04-18,"Residuos Limpeza","9600,00"
2024-04-17,"Papel","14140,00"
2024-04-17,"Monstros","20840,00"
2024-04-17,"Vidro","20460,00"
2024-04-17,"Indiferenciado","236380,00"
2024-04-17,"Restos Comida","6760,00"
2024-04-17,"Residuos Limpeza","2180,00"
2024-04-17,"Plastico","13660,00"
2024-04-17,"Cortes de Jardim","97180,00"
2024-04-16,"Monstros","16800,00"
2024-04-16,"Plastico","29660,00"
2024-04-16,"Restos Comida","6580,00"
2024-04-16,"Vidro","16840,00"
2024-04-16,"Residuos Limpeza","12320,00"
2024-04-16,"Cortes de Jardim","106320,00"
2024-04-16,"Papel","6260,00"
2024-04-16,"Indiferenciado","242560,00"
2024-04-15,"Papel","33320,00"
2024-04-15,"Restos Comida","11400,00"
2024-04-15,"Plastico","2540,00"
2024-04-15,"Monstros","20240,00"
2024-04-15,"Vidro","15860,00"
2024-04-15,"Cortes de Jardim","73460,00"
2024-04-15,"Indiferenciado","256240,00"
2024-04-15,"Residuos Limpeza","17960,00"
2024-04-14,"Papel","5080,00"
2024-04-14,"Monstros","300,00"
2024-04-14,"Indiferenciado","251440,00"
2024-04-13,"Vidro","16440,00"
2024-04-13,"Indiferenciado","249540,00"
2024-04-13,"Papel","10540,00"
2024-04-13,"Cortes de Jardim","88060,00"
2024-04-13,"Monstros","13680,00"
2024-04-13,"Restos Comida","7780,00"
2024-04-13,"Residuos Limpeza","17540,00"
2024-04-13,"Plastico","4020,00"
2024-04-12,"Cortes de Jardim","119760,00"
2024-04-12,"Indiferenciado","247200,00"
2024-04-12,"Vidro","13480,00"
2024-04-12,"Monstros","16960,00"
2024-04-12,"Plastico","22700,00"
2024-04-12,"Restos Comida","6040,00"
2024-04-12,"Papel","5180,00"
2024-04-12,"Residuos Limpeza","5060,00"
2024-04-11,"Cortes de Jardim","105360,00"
2024-04-11,"Papel","31580,00"
2024-04-11,"Vidro","10200,00"
2024-04-11,"Monstros","17680,00"
2024-04-11,"Indiferenciado","231080,00"
2024-04-11,"Restos Comida","7000,00"
2024-04-11,"Plastico","4260,00"
2024-04-11,"Residuos Limpeza","14180,00"
2024-04-10,"Indiferenciado","243600,00"
2024-04-10,"Cortes de Jardim","112100,00"
2024-04-10,"Papel","17360,00"
2024-04-10,"Residuos Limpeza","32600,00"
2024-04-10,"Plastico","8080,00"
2024-04-10,"Vidro","14780,00"
2024-04-10,"Restos Comida","6840,00"
2024-04-10,"Monstros","18300,00"
2024-04-09,"Cortes de Jardim","129560,00"
2024-04-09,"Papel","3320,00"
2024-04-09,"Restos Comida","6500,00"
2024-04-09,"Plastico","37460,00"
2024-04-09,"Vidro","12880,00"
2024-04-09,"Monstros","20800,00"
2024-04-09,"Indiferenciado","244040,00"
2024-04-09,"Residuos Limpeza","19640,00"
2024-04-08,"Cortes de Jardim","97400,00"
2024-04-08,"Monstros","30880,00"
2024-04-08,"Papel","39260,00"
2024-04-08,"Restos Comida","10580,00"
2024-04-08,"Plastico","4180,00"
2024-04-08,"Indiferenciado","253700,00"
2024-04-08,"Residuos Limpeza","1260,00"
2024-04-08,"Vidro","12640,00"
2024-04-07,"Monstros","180,00"
2024-04-07,"Papel","4780,00"
2024-04-07,"Indiferenciado","246000,00"
2024-04-06,"Vidro","18640,00"
2024-04-06,"Indiferenciado","259180,00"
2024-04-06,"Cortes de Jardim","96680,00"
2024-04-06,"Residuos Limpeza","14920,00"
2024-04-06,"Monstros","9660,00"
2024-04-06,"Restos Comida","5880,00"
2024-04-06,"Papel","9700,00"
2024-04-06,"Plastico","4420,00"
2024-04-05,"Papel","5880,00"
2024-04-05,"Cortes de Jardim","115300,00"
2024-04-05,"Indiferenciado","252200,00"
2024-04-05,"Residuos Limpeza","20320,00"
2024-04-05,"Restos Comida","6500,00"
2024-04-05,"Plastico","21660,00"
2024-04-05,"Vidro","12760,00"
2024-04-05,"Monstros","17040,00"
2024-04-04,"Indiferenciado","261040,00"
2024-04-04,"Papel","32600,00"
2024-04-04,"Cortes de Jardim","104040,00"
2024-04-04,"Residuos Limpeza","19320,00"
2024-04-04,"Restos Comida","6740,00"
2024-04-04,"Vidro","16180,00"
2024-04-04,"Monstros","14820,00"
2024-04-04,"Plastico","5140,00"
2024-04-03,"Monstros","18680,00"
2024-04-03,"Vidro","13820,00"
2024-04-03,"Restos Comida","6340,00"
2024-04-03,"Plastico","10420,00"
2024-04-03,"Indiferenciado","226320,00"
2024-04-03,"Residuos Limpeza","5440,00"
2024-04-03,"Cortes de Jardim","90360,00"
2024-04-03,"Papel","18520,00"
2024-04-02,"Papel","8620,00"
2024-04-02,"Cortes de Jardim","81060,00"
2024-04-02,"Monstros","17260,00"
2024-04-02,"Restos Comida","6140,00"
2024-04-02,"Plastico","35060,00"
2024-04-02,"Indiferenciado","234360,00"
2024-04-02,"Vidro","16660,00"
2024-04-02,"Residuos Limpeza","20160,00"
2024-04-01,"Papel","42240,00"
2024-04-01,"Cortes de Jardim","84900,00"
2024-04-01,"Monstros","17120,00"
2024-04-01,"Restos Comida","10940,00"
2024-04-01,"Indiferenciado","227040,00"
2024-04-01,"Vidro","18160,00"
2024-04-01,"Residuos Limpeza","13100,00"
2024-03-31,"Papel","2820,00"
2024-03-31,"Indiferenciado","212480,00"
2024-03-30,"Monstros","9500,00"
2024-03-30,"Restos Comida","6360,00"
2024-03-30,"Plastico","7340,00"
2024-03-30,"Papel","12120,00"
2024-03-30,"Residuos Limpeza","17640,00"
2024-03-30,"Vidro","6480,00"
2024-03-30,"Indiferenciado","268700,00"
2024-03-30,"Cortes de Jardim","62160,00"
2024-03-29,"Restos Comida","6080,00"
2024-03-29,"Plastico","16100,00"
2024-03-29,"Papel","4520,00"
2024-03-29,"Cortes de Jardim","27300,00"
2024-03-29,"Indiferenciado","238760,00"
2024-03-29,"Monstros","9600,00"
2024-03-28,"Plastico","3680,00"
2024-03-28,"Papel","25980,00"
2024-03-28,"Residuos Limpeza","660,00"
2024-03-28,"Indiferenciado","233360,00"
2024-03-28,"Cortes de Jardim","87640,00"
2024-03-28,"Restos Comida","6900,00"
2024-03-28,"Monstros","26540,00"
2024-03-28,"Vidro","2880,00"
2024-03-27,"Indiferenciado","196400,00"
2024-03-27,"Residuos Limpeza","1640,00"
2024-03-27,"Vidro","13360,00"
2024-03-27,"Monstros","17480,00"
2024-03-27,"Cortes de Jardim","80500,00"
2024-03-27,"Papel","12420,00"
2024-03-27,"Restos Comida","6360,00"
2024-03-27,"Plastico","11580,00"
2024-03-26,"Vidro","9540,00"
2024-03-26,"Indiferenciado","254480,00"
2024-03-26,"Papel","4680,00"
2024-03-26,"Monstros","17620,00"
2024-03-26,"Cortes de Jardim","70780,00"
2024-03-26,"Residuos Limpeza","16020,00"
2024-03-26,"Restos Comida","6160,00"
2024-03-26,"Plastico","30740,00"
2024-03-25,"Indiferenciado","209560,00"
2024-03-25,"Vidro","12460,00"
2024-03-25,"Residuos Limpeza","5380,00"
2024-03-25,"Plastico","2340,00"
2024-03-25,"Cortes de Jardim","69480,00"
2024-03-25,"Papel","35520,00"
2024-03-25,"Restos Comida","12000,00"
2024-03-25,"Monstros","23860,00"
2024-03-24,"Indiferenciado","245260,00"
2024-03-24,"Monstros","500,00"
2024-03-24,"Papel","4940,00"
2024-03-24,"Residuos Limpeza","320,00"
2024-03-23,"Cortes de Jardim","85860,00"
2024-03-23,"Papel","8680,00"
2024-03-23,"Vidro","14480,00"
2024-03-23,"Monstros","11300,00"
2024-03-23,"Indiferenciado","255640,00"
2024-03-23,"Residuos Limpeza","2360,00"
2024-03-23,"Restos Comida","6840,00"
2024-03-23,"Plastico","2160,00"
2024-03-22,"Indiferenciado","211980,00"
2024-03-22,"Papel","6480,00"
2024-03-22,"Restos Comida","6940,00"
2024-03-22,"Monstros","13540,00"
2024-03-22,"Vidro","14900,00"
2024-03-22,"Residuos Limpeza","13240,00"
2024-03-22,"Plastico","21340,00"
2024-03-22,"Cortes de Jardim","93280,00"
2024-03-21,"Cortes de Jardim","99800,00"
2024-03-21,"Monstros","19840,00"
2024-03-21,"Plastico","4940,00"
2024-03-21,"Papel","30620,00"
2024-03-21,"Vidro","16280,00"
2024-03-21,"Indiferenciado","234740,00"
2024-03-21,"Restos Comida","6560,00"
2024-03-21,"Residuos Limpeza","18140,00"
2024-03-20,"Cortes de Jardim","96700,00"
2024-03-20,"Papel","17700,00"
2024-03-20,"Monstros","13760,00"
2024-03-20,"Plastico","13440,00"
2024-03-20,"Restos Comida","7120,00"
2024-03-20,"Indiferenciado","262240,00"
2024-03-20,"Residuos Limpeza","25880,00"
2024-03-20,"Vidro","5460,00"
2024-03-19,"Cortes de Jardim","90760,00"
2024-03-19,"Monstros","16740,00"
2024-03-19,"Papel","7380,00"
2024-03-19,"Residuos Limpeza","40540,00"
2024-03-19,"Plastico","33620,00"
2024-03-19,"Restos Comida","6280,00"
2024-03-19,"Vidro","14560,00"
2024-03-19,"Indiferenciado","245960,00"
2024-03-18,"Restos Comida","12280,00"
2024-03-18,"Residuos Limpeza","19960,00"
2024-03-18,"Monstros","13220,00"
2024-03-18,"Plastico","3100,00"
2024-03-18,"Papel","32900,00"
2024-03-18,"Cortes de Jardim","80340,00"
2024-03-18,"Vidro","12740,00"
2024-03-18,"Indiferenciado","243680,00"
2024-03-17,"Residuos Limpeza","140,00"
2024-03-17,"Indiferenciado","240560,00"
2024-03-17,"Papel","3660,00"
2024-03-16,"Restos Comida","6060,00"
2024-03-16,"Cortes de Jardim","97240,00"
2024-03-16,"Vidro","10960,00"
2024-03-16,"Plastico","4500,00"
2024-03-16,"Residuos Limpeza","13200,00"
2024-03-16,"Monstros","12780,00"
2024-03-16,"Papel","8660,00"
2024-03-16,"Indiferenciado","241480,00"
2024-03-15,"Residuos Limpeza","26120,00"
2024-03-15,"Indiferenciado","217940,00"
2024-03-15,"Monstros","18600,00"
2024-03-15,"Vidro","6060,00"
2024-03-15,"Cortes de Jardim","95040,00"
2024-03-15,"Papel","5580,00"
2024-03-15,"Plastico","21560,00"
2024-03-15,"Restos Comida","5560,00"
2024-03-14,"Indiferenciado","241160,00"
2024-03-14,"Residuos Limpeza","8640,00"
2024-03-14,"Plastico","2880,00"
2024-03-14,"Restos Comida","5840,00"
2024-03-14,"Monstros","23200,00"
2024-03-14,"Vidro","7140,00"
2024-03-14,"Papel","31860,00"
2024-03-14,"Cortes de Jardim","113340,00"
2024-03-13,"Vidro","14240,00"
2024-03-13,"Indiferenciado","219980,00"
2024-03-13,"Papel","14500,00"
2024-03-13,"Monstros","15440,00"
2024-03-13,"Restos Comida","6880,00"
2024-03-13,"Cortes de Jardim","95980,00"
2024-03-13,"Residuos Limpeza","18320,00"
2024-03-13,"Plastico","7720,00"
2024-03-12,"Vidro","11740,00"
2024-03-12,"Indiferenciado","250940,00"
2024-03-12,"Residuos Limpeza","19680,00"
2024-03-12,"Restos Comida","4900,00"
2024-03-12,"Papel","6160,00"
2024-03-12,"Plastico","32840,00"
2024-03-12,"Cortes de Jardim","112320,00"
2024-03-12,"Monstros","19280,00"
2024-03-11,"Indiferenciado","226600,00"
2024-03-11,"Vidro","11760,00"
2024-03-11,"Cortes de Jardim","100320,00"
2024-03-11,"Monstros","23060,00"
2024-03-11,"Restos Comida","10380,00"
2024-03-11,"Residuos Limpeza","2060,00"
2024-03-11,"Plastico","2840,00"
2024-03-11,"Papel","35420,00"
2024-03-10,"Indiferenciado","214080,00"
2024-03-10,"Papel","2480,00"
2024-03-10,"Residuos Limpeza","200,00"
2024-03-09,"Vidro","8840,00"
2024-03-09,"Cortes de Jardim","88640,00"
2024-03-09,"Monstros","10020,00"
2024-03-09,"Papel","7360,00"
2024-03-09,"Residuos Limpeza","4540,00"
2024-03-09,"Indiferenciado","212460,00"
2024-03-09,"Plastico","3880,00"
2024-03-09,"Restos Comida","6000,00"
2024-03-08,"Cortes de Jardim","104220,00"
2024-03-08,"Monstros","16060,00"
2024-03-08,"Vidro","12240,00"
2024-03-08,"Restos Comida","5400,00"
2024-03-08,"Indiferenciado","211300,00"
2024-03-08,"Residuos Limpeza","7600,00"
2024-03-08,"Papel","9660,00"
2024-03-08,"Plastico","18180,00"
2024-03-07,"Indiferenciado","215640,00"
2024-03-07,"Papel","28900,00"
2024-03-07,"Cortes de Jardim","90180,00"
2024-03-07,"Monstros","15660,00"
2024-03-07,"Plastico","6180,00"
2024-03-07,"Restos Comida","5480,00"
2024-03-07,"Residuos Limpeza","16180,00"
2024-03-07,"Vidro","13280,00"
2024-03-06,"Plastico","7360,00"
2024-03-06,"Restos Comida","6560,00"
2024-03-06,"Papel","14840,00"
2024-03-06,"Cortes de Jardim","104940,00"
2024-03-06,"Monstros","14180,00"
2024-03-06,"Indiferenciado","239640,00"
2024-03-06,"Vidro","8560,00"
2024-03-06,"Residuos Limpeza","17500,00"
2024-03-05,"Monstros","21680,00"
2024-03-05,"Plastico","35600,00"
2024-03-05,"Restos Comida","6540,00"
2024-03-05,"Papel","10400,00"
2024-03-05,"Residuos Limpeza","8720,00"
2024-03-05,"Vidro","6920,00"
2024-03-05,"Indiferenciado","247220,00"
2024-03-05,"Cortes de Jardim","106080,00"
2024-03-04,"Plastico","3000,00"
2024-03-04,"Residuos Limpeza","13860,00"
2024-03-04,"Restos Comida","9860,00"
2024-03-04,"Cortes de Jardim","94600,00"
2024-03-04,"Indiferenciado","227600,00"
2024-03-04,"Papel","31420,00"
2024-03-04,"Vidro","18900,00"
2024-03-04,"Monstros","13080,00"
2024-03-03,"Indiferenciado","208600,00"
2024-03-03,"Cortes de Jardim","1840,00"
2024-03-03,"Papel","3360,00"
2024-03-02,"Indiferenciado","230440,00"
2024-03-02,"Plastico","5900,00"
2024-03-02,"Residuos Limpeza","17480,00"
2024-03-02,"Papel","9500,00"
2024-03-02,"Restos Comida","5700,00"
2024-03-02,"Monstros","14600,00"
2024-03-02,"Vidro","16960,00"
2024-03-02,"Cortes de Jardim","87440,00"
2024-03-01,"Residuos Limpeza","1840,00"
2024-03-01,"Vidro","7460,00"
2024-03-01,"Indiferenciado","233720,00"
2024-03-01,"Cortes de Jardim","99540,00"
2024-03-01,"Papel","6700,00"
2024-03-01,"Plastico","20940,00"
2024-03-01,"Monstros","15720,00"
2024-03-01,"Restos Comida","33740,00"
2024-02-29,"Indiferenciado","224280,00"
2024-02-29,"Residuos Limpeza","17960,00"
2024-02-29,"Vidro","4480,00"
2024-02-29,"Cortes de Jardim","95460,00"
2024-02-29,"Monstros","23600,00"
2024-02-29,"Papel","26740,00"
2024-02-29,"Restos Comida","28600,00"
2024-02-29,"Plastico","4060,00"
2024-02-28,"Cortes de Jardim","113500,00"
2024-02-28,"Vidro","17440,00"
2024-02-28,"Indiferenciado","236520,00"
2024-02-28,"Papel","14380,00"
2024-02-28,"Restos Comida","6820,00"
2024-02-28,"Monstros","23220,00"
2024-02-28,"Plastico","8380,00"
2024-02-28,"Residuos Limpeza","27240,00"
2024-02-27,"Cortes de Jardim","108920,00"
2024-02-27,"Papel","3580,00"
2024-02-27,"Indiferenciado","245660,00"
2024-02-27,"Restos Comida","1980,00"
2024-02-27,"Plastico","29380,00"
2024-02-27,"Residuos Limpeza","18780,00"
2024-02-27,"Monstros","17760,00"
2024-02-27,"Vidro","8820,00"
2024-02-26,"Papel","38000,00"
2024-02-26,"Monstros","19280,00"
2024-02-26,"Vidro","15980,00"
2024-02-26,"Cortes de Jardim","105000,00"
2024-02-26,"Indiferenciado","227680,00"
2024-02-26,"Restos Comida","10280,00"
2024-02-26,"Plastico","2660,00"
2024-02-26,"Residuos Limpeza","43260,00"
2024-02-25,"Indiferenciado","227240,00"
2024-02-25,"Papel","4000,00"
2024-02-24,"Vidro","12740,00"
2024-02-24,"Plastico","3780,00"
2024-02-24,"Restos Comida","5740,00"
2024-02-24,"Monstros","14040,00"
2024-02-24,"Cortes de Jardim","85840,00"
2024-02-24,"Papel","8560,00"
2024-02-24,"Indiferenciado","220040,00"
2024-02-24,"Residuos Limpeza","14140,00"
2024-02-23,"Papel","8100,00"
2024-02-23,"Cortes de Jardim","91180,00"
2024-02-23,"Monstros","17740,00"
2024-02-23,"Restos Comida","6200,00"
2024-02-23,"Plastico","21080,00"
2024-02-23,"Vidro","17320,00"
2024-02-23,"Indiferenciado","206520,00"
2024-02-23,"Residuos Limpeza","31120,00"
2024-02-22,"Residuos Limpeza","58240,00"
2024-02-22,"Cortes de Jardim","97320,00"
2024-02-22,"Restos Comida","7160,00"
2024-02-22,"Papel","31060,00"
2024-02-22,"Plastico","5400,00"
2024-02-22,"Monstros","21680,00"
2024-02-22,"Indiferenciado","234280,00"
2024-02-22,"Vidro","7840,00"
2024-02-21,"Monstros","19400,00"
2024-02-21,"Plastico","7680,00"
2024-02-21,"Papel","11700,00"
2024-02-21,"Residuos Limpeza","23220,00"
2024-02-21,"Restos Comida","5860,00"
2024-02-21,"Vidro","20140,00"
2024-02-21,"Indiferenciado","229620,00"
2024-02-21,"Cortes de Jardim","131220,00"
2024-02-20,"Restos Comida","6360,00"
2024-02-20,"Residuos Limpeza","10920,00"
2024-02-20,"Plastico","37920,00"
2024-02-20,"Papel","8300,00"
2024-02-20,"Monstros","17980,00"
2024-02-20,"Vidro","6760,00"
2024-02-20,"Indiferenciado","247720,00"
2024-02-20,"Cortes de Jardim","97560,00"
2024-02-19,"Residuos Limpeza","19080,00"
2024-02-19,"Cortes de Jardim","84080,00"
2024-02-19,"Restos Comida","10680,00"
2024-02-19,"Plastico","5440,00"
2024-02-19,"Indiferenciado","247180,00"
2024-02-19,"Monstros","20100,00"
2024-02-19,"Vidro","13800,00"
2024-02-19,"Papel","29940,00"
2024-02-18,"Indiferenciado","239440,00"
2024-02-18,"Monstros","460,00"
2024-02-18,"Papel","4460,00"
2024-02-17,"Indiferenciado","245920,00"
2024-02-17,"Residuos Limpeza","25440,00"
2024-02-17,"Vidro","8400,00"
2024-02-17,"Restos Comida","6480,00"
2024-02-17,"Plastico","4060,00"
2024-02-17,"Monstros","9420,00"
2024-02-17,"Cortes de Jardim","91560,00"
2024-02-17,"Papel","13080,00"
2024-02-16,"Vidro","16840,00"
2024-02-16,"Cortes de Jardim","86600,00"
2024-02-16,"Indiferenciado","240300,00"
2024-02-16,"Residuos Limpeza","14760,00"
2024-02-16,"Plastico","22560,00"
2024-02-16,"Restos Comida","7260,00"
2024-02-16,"Monstros","21420,00"
2024-02-16,"Papel","7060,00"
2024-02-15,"Cortes de Jardim","101300,00"
2024-02-15,"Indiferenciado","235940,00"
2024-02-15,"Vidro","3740,00"
2024-02-15,"Monstros","20640,00"
2024-02-15,"Plastico","2900,00"
2024-02-15,"Papel","27680,00"
2024-02-15,"Restos Comida","7300,00"
2024-02-15,"Residuos Limpeza","34140,00"
2024-02-14,"Cortes de Jardim","120920,00"
2024-02-14,"Papel","12320,00"
2024-02-14,"Vidro","18880,00"
2024-02-14,"Monstros","19100,00"
2024-02-14,"Indiferenciado","229340,00"
2024-02-14,"Restos Comida","5460,00"
2024-02-14,"Plastico","14500,00"
2024-02-14,"Residuos Limpeza","13560,00"
2024-02-13,"Papel","3720,00"
2024-02-13,"Indiferenciado","264380,00"
2024-02-13,"Cortes de Jardim","23300,00"
2024-02-13,"Plastico","26620,00"
2024-02-13,"Restos Comida","6260,00"
2024-02-13,"Vidro","9100,00"
2024-02-13,"Monstros","3000,00"
2024-02-12,"Cortes de Jardim","81440,00"
2024-02-12,"Papel","40000,00"
2024-02-12,"Plastico","4480,00"
2024-02-12,"Restos Comida","9400,00"
2024-02-12,"Vidro","8160,00"
2024-02-12,"Monstros","16240,00"
2024-02-12,"Indiferenciado","193200,00"
2024-02-12,"Residuos Limpeza","14160,00"
2024-02-11,"Papel","3600,00"
2024-02-11,"Indiferenciado","207300,00"
2024-02-10,"Residuos Limpeza","27760,00"
2024-02-10,"Restos Comida","5940,00"
2024-02-10,"Plastico","2280,00"
2024-02-10,"Papel","9000,00"
2024-02-10,"Monstros","15060,00"
2024-02-10,"Cortes de Jardim","66700,00"
2024-02-10,"Vidro","10360,00"
2024-02-10,"Indiferenciado","272320,00"
2024-02-09,"Restos Comida","5460,00"
2024-02-09,"Papel","3620,00"
2024-02-09,"Plastico","15880,00"
2024-02-09,"Monstros","20020,00"
2024-02-09,"Residuos Limpeza","18380,00"
2024-02-09,"Indiferenciado","200340,00"
2024-02-09,"Vidro","13040,00"
2024-02-09,"Cortes de Jardim","90400,00"
2024-02-08,"Residuos Limpeza","23500,00"
2024-02-08,"Restos Comida","5400,00"
2024-02-08,"Plastico","3580,00"
2024-02-08,"Cortes de Jardim","85700,00"
2024-02-08,"Monstros","22000,00"
2024-02-08,"Papel","22900,00"
2024-02-08,"Indiferenciado","188500,00"
2024-02-08,"Vidro","14580,00"
2024-02-07,"Restos Comida","5220,00"
2024-02-07,"Residuos Limpeza","15460,00"
2024-02-07,"Plastico","10940,00"
2024-02-07,"Monstros","19120,00"
2024-02-07,"Indiferenciado","245060,00"
2024-02-07,"Papel","17400,00"
2024-02-07,"Cortes de Jardim","91460,00"
2024-02-07,"Vidro","9200,00"
2024-02-06,"Indiferenciado","240260,00"
2024-02-06,"Residuos Limpeza","26940,00"
2024-02-06,"Vidro","15080,00"
2024-02-06,"Monstros","15940,00"
2024-02-06,"Papel","7400,00"
2024-02-06,"Plastico","35300,00"
2024-02-06,"Restos Comida","5020,00"
2024-02-06,"Cortes de Jardim","102680,00"
2024-02-05,"Indiferenciado","224500,00"
2024-02-05,"Plastico","2540,00"
2024-02-05,"Residuos Limpeza","12540,00"
2024-02-05,"Cortes de Jardim","87940,00"
2024-02-05,"Restos Comida","10260,00"
2024-02-05,"Monstros","15840,00"
2024-02-05,"Papel","33700,00"
2024-02-05,"Vidro","18500,00"
2024-02-04,"Indiferenciado","230100,00"
2024-02-04,"Papel","5200,00"
2024-02-04,"Residuos Limpeza","320,00"
2024-02-03,"Indiferenciado","252380,00"
2024-02-03,"Vidro","1900,00"
2024-02-03,"Residuos Limpeza","35160,00"
2024-02-03,"Plastico","4180,00"
2024-02-03,"Monstros","15460,00"
2024-02-03,"Papel","11000,00"
2024-02-03,"Cortes de Jardim","87200,00"
2024-02-03,"Restos Comida","6400,00"
2024-02-02,"Vidro","12320,00"
2024-02-02,"Indiferenciado","228960,00"
2024-02-02,"Cortes de Jardim","111260,00"
2024-02-02,"Monstros","14820,00"
2024-02-02,"Restos Comida","5420,00"
2024-02-02,"Residuos Limpeza","9720,00"
2024-02-02,"Plastico","22120,00"
2024-02-02,"Papel","4900,00"
2024-02-01,"Papel","30120,00"
2024-02-01,"Cortes de Jardim","105800,00"
2024-02-01,"Indiferenciado","240700,00"
2024-02-01,"Restos Comida","5700,00"
2024-02-01,"Plastico","3800,00"
2024-02-01,"Residuos Limpeza","1300,00"
2024-02-01,"Vidro","11300,00"
2024-02-01,"Monstros","23060,00"
2024-01-31,"Indiferenciado","230640,00"
2024-01-31,"Cortes de Jardim","114940,00"
2024-01-31,"Restos Comida","4980,00"
2024-01-31,"Vidro","19400,00"
2024-01-31,"Monstros","15360,00"
2024-01-31,"Plastico","7520,00"
2024-01-31,"Papel","14520,00"
2024-01-31,"Residuos Limpeza","8480,00"
2024-01-30,"Monstros","14480,00"
2024-01-30,"Vidro","17540,00"
2024-01-30,"Cortes de Jardim","96780,00"
2024-01-30,"Indiferenciado","234240,00"
2024-01-30,"Residuos Limpeza","660,00"
2024-01-30,"Papel","4660,00"
2024-01-30,"Plastico","35980,00"
2024-01-30,"Restos Comida","7180,00"
2024-01-29,"Cortes de Jardim","94880,00"
2024-01-29,"Papel","41200,00"
2024-01-29,"Restos Comida","8880,00"
2024-01-29,"Residuos Limpeza","13120,00"
2024-01-29,"Monstros","20240,00"
2024-01-29,"Plastico","4260,00"
2024-01-29,"Vidro","16680,00"
2024-01-29,"Indiferenciado","232060,00"
2024-01-28,"Papel","3440,00"
2024-01-28,"Monstros","340,00"
2024-01-28,"Indiferenciado","236420,00"
2024-01-27,"Residuos Limpeza","16280,00"
2024-01-27,"Monstros","9860,00"
2024-01-27,"Papel","11400,00"
2024-01-27,"Restos Comida","6060,00"
2024-01-27,"Plastico","4920,00"
2024-01-27,"Vidro","4540,00"
2024-01-27,"Indiferenciado","250920,00"
2024-01-27,"Cortes de Jardim","86760,00"
2024-01-26,"Residuos Limpeza","5940,00"
2024-01-26,"Restos Comida","7820,00"
2024-01-26,"Plastico","21380,00"
2024-01-26,"Indiferenciado","236480,00"
2024-01-26,"Cortes de Jardim","91040,00"
2024-01-26,"Papel","6460,00"
2024-01-26,"Vidro","5320,00"
2024-01-26,"Monstros","26300,00"
2024-01-25,"Residuos Limpeza","7240,00"
2024-01-25,"Plastico","3820,00"
2024-01-25,"Restos Comida","5000,00"
2024-01-25,"Indiferenciado","228480,00"
2024-01-25,"Vidro","18060,00"
2024-01-25,"Monstros","25760,00"
2024-01-25,"Papel","28640,00"
2024-01-25,"Cortes de Jardim","104400,00"
2024-01-24,"Indiferenciado","240720,00"
2024-01-24,"Residuos Limpeza","21460,00"
2024-01-24,"Cortes de Jardim","97860,00"
2024-01-24,"Papel","16360,00"
2024-01-24,"Plastico","8300,00"
2024-01-24,"Restos Comida","6020,00"
2024-01-24,"Monstros","14160,00"
2024-01-23,"Indiferenciado","243500,00"
2024-01-23,"Residuos Limpeza","11360,00"
2024-01-23,"Vidro","14160,00"
2024-01-23,"Cortes de Jardim","96740,00"
2024-01-23,"Papel","5800,00"
2024-01-23,"Monstros","15120,00"
2024-01-23,"Plastico","39340,00"
2024-01-23,"Restos Comida","5980,00"
2024-01-22,"Vidro","10220,00"
2024-01-22,"Monstros","13060,00"
2024-01-22,"Cortes de Jardim","87480,00"
2024-01-22,"Papel","42560,00"
2024-01-22,"Residuos Limpeza","27900,00"
2024-01-22,"Plastico","3400,00"
2024-01-22,"Restos Comida","9240,00"
2024-01-22,"Indiferenciado","255760,00"
2024-01-21,"Cortes de Jardim","10460,00"
2024-01-21,"Indiferenciado","233700,00"
2024-01-21,"Papel","5080,00"
2024-01-21,"Monstros","980,00"
2024-01-20,"Indiferenciado","260040,00"
2024-01-20,"Cortes de Jardim","100340,00"
2024-01-20,"Papel","8700,00"
2024-01-20,"Vidro","3700,00"
2024-01-20,"Monstros","10420,00"
2024-01-20,"Restos Comida","9040,00"
2024-01-20,"Plastico","4680,00"
2024-01-20,"Residuos Limpeza","560,00"
2024-01-19,"Monstros","14340,00"
2024-01-19,"Papel","4700,00"
2024-01-19,"Indiferenciado","228280,00"
2024-01-19,"Restos Comida","3240,00"
2024-01-19,"Vidro","12840,00"
2024-01-19,"Cortes de Jardim","109880,00"
2024-01-19,"Plastico","21660,00"
2024-01-19,"Residuos Limpeza","19980,00"
2024-01-18,"Papel","32980,00"
2024-01-18,"Plastico","4480,00"
2024-01-18,"Cortes de Jardim","125060,00"
2024-01-18,"Monstros","19480,00"
2024-01-18,"Vidro","11880,00"
2024-01-18,"Residuos Limpeza","11720,00"
2024-01-18,"Indiferenciado","247340,00"
2024-01-18,"Restos Comida","4800,00"
2024-01-17,"Plastico","4120,00"
2024-01-17,"Vidro","14120,00"
2024-01-17,"Monstros","13280,00"
2024-01-17,"Restos Comida","6140,00"
2024-01-17,"Cortes de Jardim","105120,00"
2024-01-17,"Indiferenciado","207380,00"
2024-01-17,"Residuos Limpeza","19100,00"
2024-01-17,"Papel","20040,00"
2024-01-16,"Papel","3200,00"
2024-01-16,"Monstros","17920,00"
2024-01-16,"Cortes de Jardim","103280,00"
2024-01-16,"Plastico","34840,00"
2024-01-16,"Restos Comida","6580,00"
2024-01-16,"Residuos Limpeza","12900,00"
2024-01-16,"Vidro","16660,00"
2024-01-16,"Indiferenciado","285980,00"
2024-01-15,"Residuos Limpeza","26600,00"
2024-01-15,"Restos Comida","9320,00"
2024-01-15,"Papel","39620,00"
2024-01-15,"Monstros","14220,00"
2024-01-15,"Cortes de Jardim","85820,00"
2024-01-15,"Plastico","4740,00"
2024-01-15,"Vidro","16780,00"
2024-01-15,"Indiferenciado","205760,00"
2024-01-14,"Papel","4840,00"
2024-01-14,"Indiferenciado","207020,00"
2024-01-14,"Cortes de Jardim","2940,00"
2024-01-13,"Plastico","9100,00"
2024-01-13,"Restos Comida","6540,00"
2024-01-13,"Residuos Limpeza","13500,00"
2024-01-13,"Indiferenciado","220240,00"
2024-01-13,"Papel","12200,00"
2024-01-13,"Monstros","11640,00"
2024-01-13,"Cortes de Jardim","99860,00"
2024-01-13,"Vidro","9640,00"
2024-01-12,"Residuos Limpeza","24560,00"
2024-01-12,"Restos Comida","5700,00"
2024-01-12,"Plastico","21500,00"
2024-01-12,"Indiferenciado","234580,00"
2024-01-12,"Vidro","16160,00"
2024-01-12,"Cortes de Jardim","109900,00"
2024-01-12,"Monstros","15720,00"
2024-01-12,"Papel","6000,00"
2024-01-11,"Indiferenciado","235760,00"
2024-01-11,"Residuos Limpeza","17900,00"
2024-01-11,"Cortes de Jardim","101600,00"
2024-01-11,"Vidro","22240,00"
2024-01-11,"Monstros","12200,00"
2024-01-11,"Restos Comida","6400,00"
2024-01-11,"Plastico","1540,00"
2024-01-11,"Papel","31020,00"
2024-01-10,"Indiferenciado","251240,00"
2024-01-10,"Vidro","17700,00"
2024-01-10,"Cortes de Jardim","87960,00"
2024-01-10,"Papel","15060,00"
2024-01-10,"Monstros","18160,00"
2024-01-10,"Plastico","6760,00"
2024-01-10,"Restos Comida","5480,00"
2024-01-10,"Residuos Limpeza","20080,00"
2024-01-09,"Indiferenciado","210460,00"
2024-01-09,"Vidro","22000,00"
2024-01-09,"Restos Comida","5580,00"
2024-01-09,"Monstros","16280,00"
2024-01-09,"Plastico","36840,00"
2024-01-09,"Cortes de Jardim","108060,00"
2024-01-09,"Papel","3520,00"
2024-01-09,"Residuos Limpeza","5980,00"
2024-01-08,"Indiferenciado","232000,00"
2024-01-08,"Vidro","28880,00"
2024-01-08,"Cortes de Jardim","90160,00"
2024-01-08,"Restos Comida","9520,00"
2024-01-08,"Plastico","3600,00"
2024-01-08,"Monstros","11600,00"
2024-01-08,"Residuos Limpeza","19840,00"
2024-01-08,"Papel","36620,00"
2024-01-07,"Papel","4380,00"
2024-01-07,"Indiferenciado","241360,00"
2024-01-07,"Residuos Limpeza","100,00"
2024-01-06,"Papel","9720,00"
2024-01-06,"Cortes de Jardim","97100,00"
2024-01-06,"Vidro","46560,00"
2024-01-06,"Monstros","12500,00"
2024-01-06,"Indiferenciado","259660,00"
2024-01-06,"Residuos Limpeza","980,00"
2024-01-06,"Plastico","4200,00"
2024-01-06,"Restos Comida","5800,00"
2024-01-05,"Cortes de Jardim","118500,00"
2024-01-05,"Vidro","27960,00"
2024-01-05,"Monstros","18640,00"
2024-01-05,"Restos Comida","4740,00"
2024-01-05,"Residuos Limpeza","18020,00"
2024-01-05,"Plastico","16240,00"
2024-01-05,"Papel","23940,00"
2024-01-05,"Indiferenciado","265200,00"
2024-01-04,"Restos Comida","6640,00"
2024-01-04,"Plastico","23800,00"
2024-01-04,"Monstros","15380,00"
2024-01-04,"Indiferenciado","234880,00"
2024-01-04,"Cortes de Jardim","108400,00"
2024-01-04,"Papel","19340,00"
2024-01-04,"Residuos Limpeza","8600,00"
2024-01-04,"Vidro","29940,00"
2024-01-03,"Cortes de Jardim","103800,00"
2024-01-03,"Monstros","20340,00"
2024-01-03,"Papel","23400,00"
2024-01-03,"Residuos Limpeza","16140,00"
2024-01-03,"Plastico","18240,00"
2024-01-03,"Restos Comida","13440,00"
2024-01-03,"Vidro","6820,00"
2024-01-03,"Indiferenciado","232860,00"
2024-01-02,"Plastico","6160,00"
2024-01-02,"Cortes de Jardim","17560,00"
2024-01-02,"Residuos Limpeza","440,00"
2024-01-02,"Restos Comida","11380,00"
2024-01-02,"Papel","14120,00"
2024-01-02,"Monstros","4200,00"
2024-01-02,"Indiferenciado","294720,00"
2024-01-02,"Vidro","3060,00"
2024-01-01,"Plastico","1840,00"
2024-01-01,"Residuos Limpeza","160,00"
2024-01-01,"Indiferenciado","168800,00"
2024-01-01,"Papel","8480,00"
2024-01-01,"Vidro","5520,00"